location_name,date,humidity,pm10,pm25,temperature
Dubai Motor City,2024-10-08,37.3,19.1,18.5,35.0
Dubai Motor City,2024-10-09,42.6,28.5,26.9,33.5
Dubai Motor City,2024-10-10,45.1,49.8,44.0,33.7
Dubai Motor City,2024-10-11,50.9,51.6,43.5,31.1
Dubai Motor City,2024-10-14,37.0,28.8,26.6,32.4
Dubai Motor City,2024-10-15,40.1,29.5,27.4,32.8
Dubai Motor City,2024-10-16,43.5,17.6,17.2,32.6
Dubai Motor City,2024-10-17,45.5,8.78,8.55,33.4
Dubai Motor City,2024-10-18,47.5,17.4,17.1,33.6
Dubai Motor City,2024-10-19,45.1,26.7,24.9,34.4
Dubai Motor City,2024-10-20,46.8,58.0,51.7,34.7
Dubai Motor City,2024-10-21,49.5,72.6,67.8,33.9
Dubai Motor City,2024-10-22,56.1,64.7,59.1,31.5
Dubai Motor City,2024-10-23,52.0,43.7,37.6,30.9
Dubai Motor City,2024-10-24,46.6,32.4,28.6,31.4
Dubai Motor City,2024-10-25,47.4,43.0,37.3,31.9
Dubai Motor City,2024-10-26,50.7,41.7,36.4,31.7
Dubai Motor City,2024-10-27,48.4,23.0,22.0,31.5
Dubai Motor City,2024-10-28,44.3,21.0,20.5,31.7
Dubai Motor City,2024-10-29,43.6,33.4,31.2,30.2
Dubai Motor City,2024-10-30,42.6,42.1,36.9,30.2
Dubai Motor City,2024-10-31,43.3,54.2,47.0,30.4
Dubai Motor City,2024-11-01,45.9,64.5,56.1,31.2
Dubai Motor City,2024-11-02,46.1,63.3,55.9,31.3
Dubai Motor City,2024-11-03,49.3,71.4,66.8,30.8
Dubai Motor City,2024-11-04,49.0,68.4,62.6,30.8
Dubai Motor City,2024-11-05,43.4,51.6,43.7,31.1
Dubai Motor City,2024-11-06,44.5,54.5,46.0,31.0
Dubai Motor City,2024-11-07,49.2,59.8,53.5,30.6
Dubai Motor City,2024-11-08,48.8,66.1,61.0,29.9
Dubai Motor City,2024-11-09,45.8,58.2,49.8,29.5
Dubai Motor City,2024-11-10,44.7,62.8,56.0,30.0
Dubai Motor City,2024-11-11,46.8,55.8,48.0,30.2
Dubai Motor City,2024-11-12,47.5,55.0,46.0,30.0
Dubai Motor City,2024-11-13,49.3,66.7,58.5,29.3
Dubai Motor City,2024-11-14,54.1,72.3,66.1,28.9
Dubai Motor City,2024-11-15,48.5,43.3,39.6,29.0
Dubai Motor City,2024-11-16,42.6,27.2,24.5,28.3
Dubai Motor City,2024-11-17,41.9,41.9,37.2,27.7
Dubai Motor City,2024-11-18,37.9,59.6,52.0,28.3
Dubai Motor City,2024-11-19,42.7,49.2,42.2,28.0
Dubai Motor City,2024-11-20,43.6,57.3,49.1,28.2
Dubai Motor City,2024-11-21,45.4,61.6,52.0,28.1
Dubai Motor City,2024-11-22,52.0,75.4,68.4,28.3
Dubai Motor City,2024-11-23,52.4,68.4,63.6,28.3
Dubai Motor City,2024-11-24,50.8,39.7,34.6,27.6
Dubai Motor City,2024-11-25,48.3,45.3,39.0,28.4
Dubai Motor City,2024-11-26,46.2,34.8,31.6,29.0
Dubai Motor City,2024-11-27,43.7,44.1,38.4,29.3
Dubai Motor City,2024-11-28,47.9,45.0,38.8,29.0
Dubai Motor City,2024-11-29,44.2,14.7,14.3,28.5
Dubai Motor City,2024-11-30,41.6,19.0,18.4,27.1
Dubai Motor City,2024-12-01,38.3,13.2,12.8,26.9
Dubai Motor City,2024-12-02,40.9,33.0,30.6,25.9
Dubai Motor City,2024-12-03,35.7,28.6,25.2,25.8
Dubai Motor City,2024-12-04,35.6,21.0,20.4,26.1
Dubai Motor City,2024-12-05,38.8,35.0,31.1,26.0
Dubai Motor City,2024-12-06,45.9,76.4,70.8,26.6
Dubai Motor City,2024-12-07,47.9,71.9,65.7,27.1
Dubai Motor City,2024-12-08,38.1,32.4,28.5,26.5
Dubai Motor City,2024-12-09,36.1,17.7,17.1,26.3
Dubai Motor City,2024-12-10,43.2,24.6,23.6,25.9
Dubai Motor City,2024-12-11,42.7,24.4,22.3,25.7
Dubai Motor City,2024-12-12,39.7,18.9,18.2,25.1
Dubai Motor City,2024-12-13,41.4,25.9,23.9,24.8
Dubai Motor City,2024-12-14,41.5,47.2,40.3,25.4
Dubai Motor City,2024-12-15,42.9,42.1,36.6,23.8
Dubai Motor City,2024-12-16,43.7,24.5,23.1,23.7
Dubai Motor City,2024-12-17,38.2,39.5,33.7,24.2
Dubai Motor City,2024-12-18,41.9,38.5,34.0,23.2
Dubai Motor City,2024-12-19,43.6,44.9,38.7,22.9
Dubai Motor City,2024-12-20,40.7,48.6,41.6,23.8
Dubai Motor City,2024-12-21,41.4,45.3,39.7,23.6
Dubai Motor City,2024-12-22,45.5,41.2,36.5,22.9
Dubai Motor City,2024-12-23,45.7,46.1,39.7,22.8
Dubai Motor City,2024-12-24,45.0,58.5,49.6,24.4
Dubai Motor City,2024-12-25,45.4,66.6,59.0,24.7
Dubai Motor City,2024-12-26,47.3,68.0,59.9,24.3
Dubai Motor City,2024-12-27,40.8,47.9,41.4,25.1
Dubai Motor City,2024-12-28,39.2,39.6,35.0,25.1
Dubai Motor City,2024-12-29,43.4,48.7,41.7,25.0
Dubai Motor City,2024-12-30,53.7,68.8,62.3,24.8
Dubai Motor City,2024-12-31,48.1,71.0,66.0,25.3
Dubai Motor City,2025-01-01,44.4,44.2,39.0,24.4
Dubai Motor City,2025-01-02,34.2,15.1,14.5,24.7
Dubai Motor City,2025-01-03,41.7,33.2,30.7,21.7
Dubai Motor City,2025-01-04,33.7,22.8,22.0,22.0
Dubai Motor City,2025-01-05,39.3,39.6,35.3,22.3
Dubai Motor City,2025-01-06,38.6,49.5,45.4,23.4
Dubai Motor City,2025-01-07,38.3,40.9,35.6,23.7
Dubai Motor City,2025-01-08,43.3,39.4,34.7,23.1
Dubai Motor City,2025-01-09,49.1,66.1,60.3,23.1
Dubai Motor City,2025-01-10,47.9,51.6,43.9,23.0
Dubai Motor City,2025-01-11,38.0,30.0,27.4,23.5
Dubai Motor City,2025-01-12,41.9,32.3,29.6,19.6
Dubai Motor City,2025-01-13,48.8,48.9,41.5,23.6
Dubai Motor City,2025-01-14,49.3,53.8,45.0,22.5
Dubai Motor City,2025-02-11,45.2,,35.3,23.1
Dubai Motor City,2025-02-12,38.6,,31.5,26.4
Dubai Motor City,2025-02-13,31.7,,15.6,27.5
Dubai Motor City,2025-02-14,39.3,,17.4,28.0
Dubai Motor City,2025-02-15,48.3,,35.8,26.2
Dubai Motor City,2025-02-16,44.9,,33.9,27.1
Dubai Motor City,2025-02-17,42.0,,17.3,26.8
Dubai Motor City,2025-02-18,46.0,,25.1,25.3
Dubai Motor City,2025-02-19,41.5,,30.0,26.8
Dubai Motor City,2025-02-20,38.2,,42.7,26.8
Dubai Motor City,2025-02-21,38.7,,34.3,28.1
Dubai Motor City,2025-02-22,40.6,,32.5,27.2
Dubai Motor City,2025-02-23,38.4,,30.4,27.9
Dubai Motor City,2025-02-24,48.8,,35.1,26.4
Dubai Motor City,2025-02-25,46.8,,16.9,24.0
Dubai Motor City,2025-02-26,42.2,,11.8,23.0
Dubai Motor City,2025-02-27,42.6,,18.0,23.3
Dubai Motor City,2025-02-28,39.0,,14.4,24.3
Dubai Motor City,2025-03-01,41.8,,21.0,23.7
Dubai Motor City,2025-03-02,39.5,,23.7,24.8
Dubai Motor City,2025-03-03,31.8,,26.9,25.6
Dubai Motor City,2025-03-04,30.4,,25.3,26.1
Dubai Motor City,2025-03-05,36.1,,21.1,25.9
Dubai Motor City,2025-03-06,33.2,,16.6,27.7
Dubai Motor City,2025-03-07,23.9,,14.8,30.6
Dubai Motor City,2025-03-08,20.1,,8.57,30.4
Dubai Motor City,2025-03-09,28.5,,15.1,28.9
Dubai Motor City,2025-03-10,40.0,,20.2,27.4
Dubai Motor City,2025-03-11,32.2,,23.0,28.5
Dubai Motor City,2025-03-12,36.0,,37.3,28.9
Dubai Motor City,2025-03-13,42.1,,38.7,27.9
Dubai Motor City,2025-03-14,46.8,,61.2,27.0
Dubai Motor City,2025-03-15,46.9,,66.1,27.1
Dubai Motor City,2025-03-16,36.3,,43.9,29.1
Dubai Motor City,2025-03-17,49.5,,60.4,26.3
Dubai Motor City,2025-03-18,46.9,,67.2,25.7
Dubai Motor City,2025-03-19,38.4,,51.5,27.5
Dubai Motor City,2025-03-20,36.6,,59.7,29.2
Dubai Motor City,2025-03-21,28.9,,40.1,29.9
Dubai Motor City,2025-03-22,21.7,,20.4,29.8
Dubai Motor City,2025-03-23,30.8,,23.6,29.4
Dubai Motor City,2025-03-24,42.9,,20.5,27.8
Dubai Motor City,2025-03-25,38.2,,20.5,26.2
Dubai Motor City,2025-03-26,41.0,,33.8,25.7
Dubai Motor City,2025-03-27,42.3,,53.2,27.0
Dubai Motor City,2025-03-28,41.5,,51.2,27.6
Dubai Motor City,2025-03-29,37.9,,34.3,28.7
Dubai Motor City,2025-03-30,30.9,,30.3,29.9
Dubai Motor City,2025-03-31,26.2,,21.4,30.4
Dubai Motor City,2025-04-01,29.2,,30.6,30.6
Dubai Motor City,2025-04-02,28.5,,51.6,30.9
Dubai Motor City,2025-04-03,31.3,,65.4,30.9
Dubai Motor City,2025-04-04,21.4,,32.9,32.6
Dubai Motor City,2025-04-05,18.2,,15.7,32.8
Dubai Motor City,2025-04-06,21.3,,18.5,32.9
Dubai Motor City,2025-04-07,23.0,,26.0,33.3
Dubai Motor City,2025-04-08,28.3,,28.1,32.5
Dubai Motor City,2025-04-09,40.2,,18.3,30.8
Dubai Motor City,2025-04-10,40.4,,36.5,30.3
Dubai Motor City,2025-04-11,36.7,,51.8,31.7
Dubai Motor City,2025-04-12,24.9,,38.8,33.1
Dubai Motor City,2025-04-13,21.3,,27.2,34.2
Dubai Motor City,2025-04-14,24.8,,28.2,34.5
Dubai Motor City,2025-04-15,29.6,,41.0,33.4
Dubai Motor City,2025-04-16,39.5,,39.3,31.7
Dubai Motor City,2025-04-17,37.2,,12.1,30.5
Dubai Motor City,2025-04-18,39.1,,16.4,29.7
Dubai Motor City,2025-04-19,39.7,,32.3,28.8
Dubai Motor City,2025-04-20,39.2,,35.7,29.2
Dubai Motor City,2025-04-21,38.2,,37.9,30.2
Dubai Motor City,2025-04-22,33.0,,46.7,31.6
Dubai Motor City,2025-04-23,23.7,,39.6,33.4
Dubai Motor City,2025-04-24,35.4,,54.3,32.2
Dubai Motor City,2025-04-25,39.0,,77.5,32.1
Dubai Motor City,2025-04-26,29.5,,65.2,33.5
Dubai Motor City,2025-04-27,22.0,,32.6,34.9
Dubai Motor City,2025-04-28,18.8,,27.1,35.4
Dubai Motor City,2025-04-29,20.1,,23.9,35.7
Dubai Motor City,2025-04-30,24.7,,28.7,35.1
Dubai Motor City,2025-05-01,23.7,,36.5,35.4
Dubai Motor City,2025-05-02,28.7,,45.9,33.9
Dubai Motor City,2025-05-03,28.7,,36.7,34.0
Dubai Motor City,2025-05-04,23.9,,37.2,34.7
Dubai Motor City,2025-05-05,22.8,,42.4,34.9
Dubai Motor City,2025-05-06,30.8,,30.3,33.8
Dubai Motor City,2025-05-07,35.7,,13.9,31.8
Dubai Motor City,2025-05-08,39.9,,22.4,29.7
Dubai Motor City,2025-05-09,42.8,,44.2,30.3
Dubai Motor City,2025-05-10,47.3,,80.1,31.5
Dubai Motor City,2025-05-11,41.8,,51.7,32.7
Dubai Motor City,2025-05-12,30.3,,35.8,33.6
Dubai Motor City,2025-05-13,27.7,,32.5,34.2
Dubai Motor City,2025-05-14,31.8,,33.6,32.9
Dubai Motor City,2025-05-15,23.5,,15.6,35.7
Dubai Motor City,2025-05-16,29.1,,37.0,33.4
Dubai Motor City,2025-05-17,45.7,,39.1,31.9
Dubai Motor City,2025-05-18,39.1,,34.5,31.6
Dubai Motor City,2025-05-19,46.3,,56.9,32.2
Dubai Motor City,2025-05-20,46.3,,85.2,33.1
Dubai Motor City,2025-05-21,40.8,,96.7,33.8
Dubai Motor City,2025-05-22,36.8,,79.6,34.6
Dubai Motor City,2025-05-23,26.3,,42.6,35.8
Dubai Motor City,2025-05-24,22.8,,33.2,36.1
Dubai Motor City,2025-05-25,28.8,,39.8,35.6
Dubai Motor City,2025-05-26,34.2,,40.5,35.1
Dubai Motor City,2025-05-27,35.0,,27.3,33.8
Dubai Motor City,2025-05-28,40.8,,46.0,33.1
Dubai Motor City,2025-05-29,39.2,,62.7,34.4
Dubai Motor City,2025-05-30,33.4,,65.9,35.3
Dubai Motor City,2025-05-31,40.1,,34.8,34.3
Dubai Motor City,2025-06-01,40.9,,21.6,32.8
Dubai Motor City,2025-06-02,35.0,,44.2,36.1
Dubai Motor City,2025-06-03,46.9,,49.3,33.4
Dubai Motor City,2025-06-04,46.8,,24.8,32.8
Dubai Motor City,2025-06-05,42.9,,29.1,32.5
Dubai Motor City,2025-06-06,44.3,,29.7,31.9
Dubai Motor City,2025-06-07,48.9,,44.7,32.6
Dubai Motor City,2025-06-08,48.4,,43.0,33.4
Dubai Motor City,2025-06-09,37.8,,30.4,34.7
Dubai Motor City,2025-06-10,28.9,,22.5,36.1
Dubai Motor City,2025-06-11,28.2,,25.7,36.2
Dubai Motor City,2025-06-12,29.8,,30.4,36.6
Dubai Motor City,2025-06-13,30.9,,46.3,36.8
Dubai Motor City,2025-06-14,31.5,,49.4,36.2
Dubai Motor City,2025-06-15,28.4,,54.6,36.0
Dubai Motor City,2025-06-16,34.8,,72.1,36.1
Dubai Motor City,2025-06-17,35.6,,59.7,36.6
Dubai Motor City,2025-06-18,37.6,,39.2,35.6
Dubai Motor City,2025-06-19,45.9,,34.7,34.9
Dubai Motor City,2025-06-20,45.2,,41.7,34.7
Dubai Motor City,2025-06-21,45.8,,59.2,34.6
Dubai Motor City,2025-06-22,43.6,,63.8,34.7
Dubai Motor City,2025-06-23,41.3,,53.1,34.4
Dubai Motor City,2025-06-24,36.5,,38.5,34.3
Dubai Motor City,2025-06-25,36.8,,37.7,34.9
Dubai Motor City,2025-06-26,46.4,,51.4,34.9
Dubai Motor City,2025-06-27,40.0,,60.5,35.8
Dubai Motor City,2025-06-28,41.8,,43.3,36.1
Dubai Motor City,2025-06-29,43.3,,60.8,35.7
Dubai Motor City,2025-06-30,43.7,,71.9,34.7
Dubai Motor City,2025-07-01,36.9,,74.1,36.0
Dubai Motor City,2025-07-02,40.0,,82.9,35.7
Dubai Motor City,2025-07-03,48.0,,34.9,34.5
Dubai Motor City,2025-07-04,47.3,,50.9,34.6
Dubai Motor City,2025-07-05,51.9,,46.6,34.0
Dubai Motor City,2025-07-06,44.9,,23.6,33.9
Dubai Motor City,2025-07-07,41.4,,24.6,33.5
Dubai Motor City,2025-07-08,38.6,,39.7,33.0
Dubai Motor City,2025-07-09,28.0,,51.5,34.8
Dubai Motor City,2025-07-10,26.6,,48.3,33.8
Dubai Motor City,2025-07-11,39.5,,51.8,35.5
Dubai Motor City,2025-07-12,39.2,,39.4,36.2
Dubai Motor City,2025-07-13,32.9,,26.8,36.9
Dubai Motor City,2025-07-14,28.1,,32.9,37.8
Dubai Motor City,2025-07-15,27.7,,36.0,38.4
Dubai Motor City,2025-07-16,30.7,,53.8,38.2
Dubai Motor City,2025-07-17,30.3,,57.2,37.6
Dubai Motor City,2025-07-18,27.4,,35.2,38.4
Dubai Motor City,2025-07-19,34.6,,29.7,38.0
Dubai Motor City,2025-07-20,43.1,,36.9,37.2
Dubai Motor City,2025-07-21,33.5,,36.8,38.3
Dubai Motor City,2025-07-22,34.3,,30.1,38.2
Dubai Motor City,2025-07-23,42.9,,43.2,37.2
Dubai Motor City,2025-07-24,46.2,,68.0,36.5
Dubai Motor City,2025-07-25,40.1,,34.2,37.5
Dubai Motor City,2025-07-26,33.9,,32.4,38.2
Dubai Motor City,2025-07-27,29.6,,32.3,38.8
Dubai Motor City,2025-07-28,30.4,,29.8,39.0
Dubai Motor City,2025-07-29,30.6,,40.3,38.8
Dubai Motor City,2025-07-30,34.3,,56.2,38.0
Dubai Motor City,2025-07-31,31.7,,59.9,38.5
Dubai Motor City,2025-08-01,33.7,,44.9,38.4
Dubai Motor City,2025-08-02,35.9,,31.6,37.8
Dubai Motor City,2025-08-03,33.5,,29.1,38.4
Dubai Motor City,2025-08-04,35.0,,26.4,37.7
Dubai Motor City,2025-08-05,30.9,,20.5,37.7
Dubai Motor City,2025-08-06,29.1,,19.8,38.0
Dubai Motor City,2025-08-07,31.1,,21.4,37.8
Dubai Motor City,2025-08-08,34.6,,21.0,37.3
Dubai Motor City,2025-08-09,33.0,,22.9,37.9
Dubai Motor City,2025-08-10,29.9,,19.2,37.8
Dubai Motor City,2025-08-11,28.7,,16.8,37.6
Dubai Motor City,2025-08-12,29.3,,20.3,37.7
Dubai Motor City,2025-08-13,34.3,,36.7,37.7
Dubai Motor City,2025-08-14,34.3,,52.7,37.8
Dubai Motor City,2025-08-15,33.5,,39.8,36.7
Dubai Motor City,2025-08-16,37.0,,26.7,36.6
Dubai Motor City,2025-08-17,33.1,,19.8,37.8
Dubai Motor City,2025-08-18,33.0,,19.9,37.2
Dubai Motor City,2025-08-19,38.0,,24.8,36.5
Dubai Motor City,2025-08-20,38.6,,23.5,36.6
Dubai Motor City,2025-08-21,37.0,,17.9,36.0
Dubai Motor City,2025-08-22,38.8,,23.1,36.2
Dubai Motor City,2025-08-23,37.8,,34.8,36.8
Dubai Motor City,2025-08-24,43.7,,47.2,36.3
Dubai Motor City,2025-08-25,31.6,,48.4,35.6
Dubai Motor City,2025-08-26,24.2,,45.6,37.6
Dubai Motor City,2025-08-27,34.8,,37.9,37.4
Dubai Motor City,2025-08-28,32.4,,31.8,37.8
Dubai Motor City,2025-08-29,29.6,,28.2,38.4
Dubai Motor City,2025-08-30,35.2,,41.5,38.0
Dubai Motor City,2025-08-31,30.6,,33.4,38.1
Dubai Motor City,2025-09-01,38.5,,41.3,37.4
Dubai Motor City,2025-09-02,44.1,,56.1,36.8
Dubai Motor City,2025-09-03,38.9,,30.7,36.6
Dubai Motor City,2025-09-04,36.9,,20.9,36.5
Dubai Motor City,2025-09-05,32.6,,19.5,37.2
Dubai Motor City,2025-09-06,30.3,,23.1,38.0
Dubai Motor City,2025-09-07,40.3,,37.3,35.8
Dubai Motor City,2025-09-08,47.3,,51.3,35.2
Dubai Motor City,2025-09-09,44.4,,44.0,36.6
Dubai Motor City,2025-09-10,33.9,,27.7,36.1
Dubai Motor City,2025-09-11,37.8,,25.3,36.0
Dubai Motor City,2025-09-12,42.2,,16.5,34.4
Dubai Motor City,2025-09-13,41.4,,16.9,34.6
Dubai Motor City,2025-09-14,41.2,,11.2,34.4
Dubai Motor City,2025-09-15,39.8,,10.5,34.7
Dubai Motor City,2025-09-16,44.4,,28.7,35.8
Dubai Motor City,2025-09-17,43.5,,51.8,36.4
Dubai Motor City,2025-09-18,42.4,,52.1,35.9
Dubai Motor City,2025-09-19,42.5,,62.1,35.9
Dubai Motor City,2025-09-20,40.5,,46.3,35.8
Dubai Motor City,2025-09-21,34.1,,27.8,36.4
Dubai Motor City,2025-09-22,37.2,,33.7,36.3
Dubai Motor City,2025-09-23,44.0,,67.8,36.0
Dubai Motor City,2025-09-24,42.0,,38.9,35.3
Dubai Motor City,2025-09-25,39.3,,21.7,34.5
Dubai Motor City,2025-09-26,37.5,,36.5,35.7
Dubai Motor City,2025-09-27,37.7,,34.2,35.2
Dubai Motor City,2025-09-28,37.8,,40.5,35.6
Dubai Motor City,2025-09-29,40.3,,49.3,35.8
Dubai Motor City,2025-09-30,42.9,,39.8,35.0
Dubai Motor City,2025-10-01,47.9,,49.5,34.0
Dubai Motor City,2025-10-02,44.1,,39.1,34.3
Dubai Motor City,2025-10-03,41.9,,40.7,34.7
Dubai Motor City,2025-10-04,39.8,,39.4,34.4
Dubai Motor City,2025-10-05,44.1,,41.9,34.1
Dubai Motor City,2025-10-06,43.7,,46.6,34.3
Dubai Motor City,2025-10-07,42.1,,39.0,34.2
Dubai Motor City,2025-10-08,40.7,,45.8,33.9
Dubai Motor City,2025-10-09,37.4,,30.9,33.7
Dubai Motor City,2025-10-10,36.0,,37.9,34.0
Dubai Motor City,2025-10-11,39.0,,59.9,33.3
Dubai Motor City,2025-10-12,36.7,,36.4,33.5
Dubai Motor City,2025-10-13,35.6,,23.7,33.1
Dubai Motor City,2025-10-14,33.8,,38.4,34.6
Dubai Motor City,2025-10-15,42.2,,54.3,33.8
Dubai Motor City,2025-10-16,42.9,,39.8,32.7
Dubai Motor City,2025-10-17,35.6,,24.0,32.6
Dubai Motor City,2025-10-18,36.1,,29.4,33.0
Dubai Motor City,2025-10-19,38.2,,42.0,33.1
Dubai Motor City,2025-10-20,40.5,,45.8,32.8
Dubai Motor City,2025-10-21,35.7,,42.1,33.4
Dubai Motor City,2025-10-22,34.0,,44.7,33.8
Dubai Motor City,2025-10-23,36.4,,46.8,33.6
Dubai Motor City,2025-10-24,34.5,,48.3,33.4
Dubai Motor City,2025-10-25,35.4,,50.6,32.8
Dubai Motor City,2025-10-26,36.9,,53.9,32.7
Dubai Motor City,2025-10-27,38.4,,57.8,32.6
Dubai Motor City,2025-10-28,40.3,,62.9,32.9
Dubai Motor City,2025-10-29,40.4,,58.6,33.0
Dubai Motor City,2025-10-30,40.1,,49.6,32.8
Dubai Motor City,2025-10-31,38.9,,46.4,32.8
Dubai Motor City,2025-11-01,36.2,,41.6,32.6
Dubai Motor City,2025-11-02,35.2,,49.5,32.3
Dubai Motor City,2025-11-03,36.7,,53.5,31.2
Dubai Motor City,2025-11-04,35.1,,46.1,31.4
Dubai Motor City,2025-11-05,24.7,,35.3,31.7
Dubai Motor City,2025-11-06,32.1,,33.6,31.3
Dubai Motor City,2025-11-07,27.9,,16.4,30.2
Dubai Motor City,2025-11-08,25.4,,15.2,29.9
Dubai Motor City,2025-11-09,31.5,,25.0,30.8
Dubai Motor City,2025-11-10,33.1,,43.2,30.8
Dubai Motor City,2025-11-11,36.6,,48.6,30.5
Dubai Motor City,2025-11-12,39.1,,41.5,29.4
Dubai Motor City,2025-11-13,33.7,,27.7,30.3
Dubai Motor City,2025-11-14,36.0,,39.6,28.8
Dubai Motor City,2025-11-15,32.1,,44.5,30.3
Dubai Motor City,2025-11-16,33.4,,47.5,30.4
Dubai Motor City,2025-11-17,36.8,,47.7,30.1
Dubai Motor City,2025-11-18,39.6,,57.6,29.8
Dubai Motor City,2025-11-19,41.1,,80.1,30.1
Dubai Motor City,2025-11-20,47.2,,66.6,28.7
Dubai Motor City,2025-11-21,44.1,,53.2,29.3
Dubai Motor City,2025-11-22,39.2,,40.6,28.9
Dubai Motor City,2025-11-23,37.3,,36.0,28.3
Dubai Motor City,2025-11-24,35.9,,32.6,29.4
Dubai Motor City,2025-11-25,35.3,,31.6,28.4
Dubai Motor City,2025-11-26,34.1,,42.3,27.3
Dubai Motor City,2025-11-27,32.4,,44.6,27.9
Dubai Motor City,2025-11-28,33.9,,45.8,27.9
Dubai Motor City,2025-11-29,33.7,,47.6,28.6
Dubai Motor City,2025-11-30,33.4,,47.6,28.0
Dubai Motor City,2025-12-01,34.9,,50.0,27.2
Dubai Motor City,2025-12-02,38.5,,77.3,27.9
Dubai Motor City,2025-12-03,42.6,,90.5,27.8
Dubai Motor City,2025-12-04,39.5,,64.7,27.9
Dubai Motor City,2025-12-05,43.4,,53.3,26.3
Dubai Motor City,2025-12-06,42.1,,40.9,27.8
Dubai Motor City,2025-12-07,33.8,,27.9,28.6
Dubai Motor City,2025-12-08,29.8,,24.0,27.8
Dubai Motor City,2025-12-09,30.0,,30.2,27.7
Dubai Motor City,2025-12-10,41.4,,35.8,25.6
Dubai Motor City,2025-12-13,33.0,,15.4,28.1
Dubai Motor City,2025-12-14,44.5,,23.9,25.4
Dubai Motor City,2025-12-15,41.3,,24.9,26.6
Dubai Motor City,2025-12-16,43.9,,15.2,25.5
Dubai Motor City,2025-12-17,44.9,,28.4,26.0
Dubai Motor City,2025-12-18,49.0,,29.6,26.3
Dubai Motor City,2025-12-19,48.0,,23.4,23.4
Dubai Motor City,2025-12-20,40.8,,27.9,21.6
Dubai Motor City,2025-12-21,37.6,,23.3,22.8
Dubai Motor City,2025-12-22,35.3,,23.8,24.6
Dubai Motor City,2025-12-23,35.3,,25.6,24.9
Dubai Motor City,2025-12-24,37.5,,25.8,25.1
Dubai Motor City,2025-12-25,43.2,,50.3,24.8
Dubai Motor City,2025-12-26,42.3,,57.1,25.7
Dubai Motor City,2025-12-27,40.5,,66.1,25.9
Dubai Motor City,2025-12-28,38.5,,44.4,26.0
Dubai Motor City,2025-12-29,42.5,,33.1,26.3
Dubai Motor City,2025-12-30,30.3,,11.0,26.8
Dubai Motor City,2025-12-31,32.5,,11.1,25.5
Dubai Motor City,2026-01-01,35.6,,17.0,24.4
Dubai Motor City,2026-01-02,41.4,,26.4,24.4
Dubai Motor City,2026-01-03,46.7,,53.8,24.7
Dubai Motor City,2026-01-04,46.3,,40.1,25.3
Dubai Motor City,2026-01-05,37.7,,20.5,25.9
Dubai Motor City,2026-01-06,32.8,,25.4,26.2
Dubai Motor City,2026-01-07,33.0,,24.5,26.3
Dubai Motor City,2026-01-08,32.1,,31.0,25.5
Dubai Motor City,2026-01-09,36.3,,51.9,25.3
Dubai Motor City,2026-01-10,35.8,,56.1,25.5
Dubai Motor City,2026-01-11,36.0,,57.5,25.9
Dubai Motor City,2026-01-12,37.7,,67.8,25.6
Dubai Motor City,2026-01-13,38.5,,72.7,25.4
Dubai Motor City,2026-01-14,34.4,,59.6,25.6
Dubai Motor City,2026-01-15,30.8,,38.8,26.0
Dubai Motor City,2026-01-16,33.3,,12.2,25.6
Dubai Motor City,2026-01-17,35.8,,23.4,24.8
Dubai Motor City,2026-01-18,39.8,,31.0,23.8
Dubai Motor City,2026-01-19,40.7,,38.9,23.8
Dubai Motor City,2026-01-20,39.1,,45.5,24.5
Dubai Motor City,2026-01-21,40.4,,45.7,23.6
Dubai Motor City,2026-01-22,25.8,,12.0,23.0
Dubai Motor City,2026-01-23,28.6,,14.7,22.1
Dubai Motor City,2026-01-24,33.1,,19.7,22.6
Dubai Motor City,2026-01-25,40.1,,19.9,22.5
Dubai Motor City,2026-01-26,43.9,,31.7,23.9
Dubai Motor City,2026-01-27,39.4,,31.1,23.7
Dubai Motor City,2026-01-28,38.6,,21.2,24.2
Dubai Motor City,2026-01-29,38.8,,27.6,24.6
Dubai Motor City,2026-01-30,37.3,,36.0,24.6
Dubai Motor City,2026-01-31,41.9,,29.0,23.7
Dubai Motor City,2026-02-01,42.8,,35.8,24.2
Dubai Motor City,2026-02-02,33.0,,39.5,25.1
Dubai Motor City,2026-02-03,34.7,,48.2,25.3
Dubai Motor City,2026-02-04,39.6,,37.2,25.9
Dubai Motor City,2026-02-05,39.7,,34.8,25.5
Dubai Motor City,2026-02-06,46.1,,42.1,25.2
Dubai Motor City,2026-02-07,44.5,,47.0,26.0
Dubai Motor City,2026-02-08,39.1,,38.4,27.0
Dubai Motor City,2026-02-09,35.7,,39.6,27.1
Dubai Motor City,2026-02-10,49.2,,50.3,25.0
Dubai Motor City,2026-02-11,41.7,,53.8,26.5
Dubai Motor City,2026-02-12,41.7,,41.3,26.9
Dubai Motor City,2026-02-13,39.8,,42.0,28.1
Dubai Motor City,2026-02-14,32.3,,38.3,27.9
Dubai Motor City,2026-02-15,26.7,,30.5,27.9
Dubai Motor City,2026-02-16,39.8,,29.2,27.3
Dubai Motor City,2026-02-17,38.1,,32.9,26.8
Dubai Motor City,2026-02-18,28.1,,18.6,27.6
Dubai Motor City,2026-02-19,29.3,,23.4,27.8
Dubai Motor City,2026-02-20,30.7,,25.0,28.1
Dubai Motor City,2026-02-21,36.8,,42.9,27.9
Dubai Motor City,2026-02-22,39.8,,55.0,27.6
Dubai Motor City,2026-02-23,44.7,,77.1,26.9
Dubai Motor City,2026-02-24,39.4,,82.1,28.1
Dubai Motor City,2026-02-25,33.5,,63.8,28.9
Dubai Motor City,2026-02-26,39.5,,44.3,27.4
Dubai Motor City,2026-02-27,38.0,,33.5,26.9
Dubai Motor City,2026-02-28,37.8,,55.5,26.8
Dubai Motor City,2026-03-01,29.1,,43.2,28.6
Dubai Motor City,2026-03-02,24.5,,32.4,29.9
Dubai Motor City,2026-03-03,24.5,,31.4,30.2
Dubai Motor City,2026-03-04,36.7,,30.0,29.0
Dubai Motor City,2026-03-05,42.1,,28.5,28.6
Dubai Motor City,2026-03-06,37.4,,25.1,26.5
Dubai Motor City,2026-03-07,38.1,,34.4,27.0
Dubai Motor City,2026-03-08,39.6,,44.4,26.6
Dubai Motor City,2026-03-09,38.0,,31.2,28.0
Dubai Motor City,2026-03-10,44.4,,43.4,26.8
Dubai Motor City,2026-03-11,41.1,,16.1,27.1
Dubai Motor City,2026-03-12,44.7,,22.2,26.3
Dubai Motor City,2026-03-13,33.8,,22.9,28.9
Dubai Motor City,2026-03-14,29.5,,42.7,30.4
Dubai Motor City,2026-03-15,27.4,,48.5,30.9
Dubai Motor City,2026-03-16,24.1,,35.0,31.6
Dubai Motor City,2026-03-17,26.0,,38.4,31.7
Dubai Motor City,2026-03-18,40.0,,26.8,29.3
Dubai Motor City,2026-03-19,38.0,,22.4,29.1
Dubai Motor City,2026-03-20,36.6,,21.8,28.5
Dubai Motor City,2026-03-21,47.1,,22.4,27.0
Dubai Motor City,2026-03-22,41.8,,13.9,28.9
Dubai Motor City,2026-03-23,54.6,,13.7,24.6
Dubai Motor City,2026-03-24,56.2,,15.7,23.9
Dubai Motor City,2026-03-25,57.1,,10.3,23.9
Dubai Motor City,2026-03-26,56.1,,9.1,25.2
Dubai Motor City,2026-03-27,62.6,,6.99,23.9
Dubai Motor City,2026-03-28,40.8,,6.49,25.8
Dubai Motor City,2026-03-29,34.4,,8.33,26.7
Dubai Motor City,2026-03-30,40.1,,16.6,25.6
Dubai Motor City,2026-03-31,50.9,,23.0,23.8
Dubai Motor City,2026-04-01,45.7,,25.4,26.6
Dubai Motor City,2026-04-02,39.8,,24.5,27.4
Dubai Motor City,2026-04-03,44.4,,38.7,26.9
Dubai Motor City,2026-04-04,45.3,,48.8,26.7
Dubai Motor City,2026-04-05,41.3,,38.5,28.9
Dubai Motor City,2026-04-06,37.0,,19.1,28.5
Dubai Motor City,2026-04-07,33.8,,17.8,27.6
Dubai Motor City,2026-04-08,40.5,,25.1,27.2
Dubai Motor City,2026-04-09,45.3,,30.4,25.4
Dubai Motor City,2026-04-10,40.6,,21.3,27.0
Dubai Motor City,2026-04-11,45.8,,24.5,25.8
Dubai Motor City,2026-04-12,51.1,,16.6,25.4
Dubai Motor City,2026-04-13,47.0,,19.0,27.8
Dubai Motor City,2026-04-14,41.8,,29.0,28.8
Dubai Motor City,2026-04-15,43.1,,24.1,27.6
Dubai Motor City,2026-04-16,43.5,,20.6,26.8
Dubai Motor City,2026-04-17,40.8,,27.5,27.4
Dubai Motor City,2026-04-18,36.6,,37.2,28.5
Serena,2024-10-04,53.5,39.7,34.4,31.4
Serena,2024-10-05,50.8,23.9,22.3,31.8
Serena,2024-10-06,45.8,37.7,33.2,32.8
Serena,2024-10-07,42.9,30.8,26.8,33.0
Serena,2024-10-08,41.6,20.6,20.0,32.6
Serena,2024-10-09,45.6,30.4,28.7,32.1
Serena,2024-10-10,47.0,50.1,43.6,32.3
Serena,2024-10-11,47.7,58.4,48.8,32.1
Serena,2024-10-12,45.4,57.2,49.4,31.9
Serena,2024-10-13,44.4,52.0,43.7,31.7
Serena,2024-10-14,40.0,39.0,34.2,31.6
Serena,2024-10-15,41.4,31.9,29.1,31.4
Serena,2024-10-16,44.9,18.1,17.5,31.0
Serena,2024-10-17,48.0,9.75,9.46,31.4
Serena,2024-10-18,49.3,19.2,18.5,32.1
Serena,2024-10-19,47.4,27.7,25.4,32.8
Serena,2024-10-20,48.7,62.0,56.6,33.2
Serena,2024-10-21,51.6,82.9,78.9,32.6
Serena,2024-10-22,54.3,74.1,67.1,31.7
Serena,2024-10-23,48.7,43.8,38.3,31.7
Serena,2024-10-24,44.3,32.8,28.7,32.2
Serena,2024-10-25,46.7,44.2,38.1,31.9
Serena,2024-10-26,50.3,43.8,39.0,31.6
Serena,2024-10-27,49.5,27.1,24.6,30.9
Serena,2024-10-28,45.8,22.8,22.1,30.8
Serena,2024-10-29,44.4,34.7,32.1,29.8
Serena,2024-10-30,44.6,44.5,39.4,29.4
Serena,2024-10-31,44.7,56.1,48.4,29.7
Serena,2024-11-01,47.3,67.8,59.8,30.1
Serena,2024-11-02,47.9,65.5,57.8,30.1
Serena,2024-11-03,52.1,83.6,77.3,29.7
Serena,2024-11-04,51.6,82.3,75.3,29.3
Serena,2024-11-05,43.9,52.5,44.6,29.9
Serena,2024-11-06,45.3,54.6,46.8,30.0
Serena,2024-11-07,51.1,63.4,58.2,29.9
Serena,2024-11-08,51.1,71.3,64.8,28.9
Serena,2024-11-09,48.1,60.9,52.3,28.5
Serena,2024-11-10,46.5,67.5,60.7,28.9
Serena,2024-11-11,48.5,61.1,54.2,29.1
Serena,2024-11-12,49.3,59.8,50.7,29.0
Serena,2024-11-13,50.5,71.2,63.8,28.8
Serena,2024-11-14,54.2,78.4,72.4,28.8
Serena,2024-11-15,50.7,47.4,44.3,28.2
Serena,2024-11-16,45.7,29.6,26.5,27.1
Serena,2024-11-17,44.3,43.7,39.1,26.7
Serena,2024-11-18,40.9,62.5,56.3,27.0
Serena,2024-11-19,44.6,51.0,44.3,27.1
Serena,2024-11-20,46.2,58.7,51.8,27.0
Serena,2024-11-21,48.9,65.8,58.1,26.7
Serena,2024-11-22,55.0,85.8,78.9,27.3
Serena,2024-11-23,54.3,77.9,71.2,27.5
Serena,2024-11-24,52.5,41.4,35.9,27.0
Serena,2024-11-25,51.2,49.2,42.1,27.0
Serena,2024-11-26,49.4,37.5,33.1,27.6
Serena,2024-11-27,48.2,48.7,41.8,27.4
Serena,2024-11-28,51.9,49.1,43.4,27.3
Serena,2024-11-29,47.4,15.7,15.2,27.0
Serena,2024-11-30,43.8,20.7,20.0,26.2
Serena,2024-12-01,40.1,17.1,15.9,25.7
Serena,2024-12-02,42.4,34.0,31.1,25.6
Serena,2024-12-03,38.6,31.2,27.2,24.5
Serena,2024-12-04,38.6,21.3,20.6,23.9
Serena,2024-12-05,43.1,36.4,32.3,23.6
Serena,2024-12-06,51.4,89.5,82.0,24.4
Serena,2024-12-07,52.5,81.1,74.5,25.5
Serena,2024-12-08,42.5,35.9,31.6,24.2
Serena,2024-12-09,40.5,17.7,17.0,23.7
Serena,2024-12-10,48.1,27.5,25.9,24.0
Serena,2024-12-11,45.2,26.4,23.4,24.1
Serena,2024-12-12,41.8,18.2,17.6,23.9
Serena,2024-12-13,43.9,26.7,24.5,23.7
Serena,2024-12-14,46.3,53.1,44.4,23.7
Serena,2024-12-15,47.1,45.8,40.2,22.6
Serena,2024-12-16,47.4,24.9,23.5,22.8
Serena,2024-12-17,43.3,42.4,36.0,22.2
Serena,2024-12-18,45.7,39.5,34.6,21.4
Serena,2024-12-19,47.2,45.6,39.1,21.7
Serena,2024-12-20,45.2,50.5,42.7,22.2
Serena,2024-12-21,45.7,48.7,43.2,21.8
Serena,2024-12-22,49.1,44.3,38.2,21.9
Serena,2024-12-23,49.3,49.1,42.0,21.6
Serena,2024-12-24,49.0,61.5,53.9,22.8
Serena,2024-12-25,50.0,74.3,66.8,23.0
Serena,2024-12-26,51.1,74.1,65.3,22.4
Serena,2024-12-27,44.2,50.4,44.7,23.1
Serena,2024-12-28,43.4,43.7,37.6,22.9
Serena,2024-12-29,49.5,58.5,50.6,22.9
Serena,2024-12-30,55.2,73.3,66.2,23.7
Serena,2024-12-31,40.3,56.1,49.3,26.1
Serena,2025-01-01,47.4,46.4,40.7,23.1
Serena,2025-01-02,37.4,15.1,14.7,22.6
Serena,2025-01-03,50.4,35.3,31.6,18.5
Serena,2025-01-04,42.4,28.4,26.7,19.3
Serena,2025-01-05,46.9,45.7,39.5,19.7
Serena,2025-01-06,43.3,55.2,52.3,21.2
Serena,2025-01-07,44.4,45.6,38.9,21.7
Serena,2025-01-08,49.8,44.0,38.9,20.6
Serena,2025-01-09,55.4,75.5,68.1,20.7
Serena,2025-01-10,51.5,55.6,47.9,21.5
Serena,2025-01-11,44.4,33.9,29.9,20.1
Serena,2025-01-12,52.8,35.3,32.3,14.4
Serena,2025-01-13,56.3,54.5,45.3,20.7
Serena,2025-01-14,61.4,59.0,48.5,18.6
Serena,2025-02-11,50.7,,39.6,20.0
Serena,2025-02-12,41.1,,36.8,25.2
Serena,2025-02-13,33.4,,15.7,26.8
Serena,2025-02-14,43.0,,20.6,26.1
Serena,2025-02-15,51.6,,42.4,24.7
Serena,2025-02-16,47.1,,41.5,25.9
Serena,2025-02-17,42.6,,18.4,26.0
Serena,2025-02-18,48.6,,25.5,23.4
Serena,2025-02-19,46.8,,33.2,24.6
Serena,2025-02-20,40.1,,42.3,25.2
Serena,2025-02-21,40.3,,38.4,27.0
Serena,2025-02-22,43.7,,34.2,25.5
Serena,2025-02-23,38.9,,30.6,27.7
Serena,2025-02-24,49.4,,35.8,25.4
Serena,2025-02-25,49.7,,18.1,22.5
Serena,2025-02-26,44.2,,12.2,22.2
Serena,2025-02-27,43.7,,17.7,22.6
Serena,2025-02-28,42.5,,15.7,22.7
Serena,2025-03-01,44.4,,22.3,22.7
Serena,2025-03-02,42.6,,25.5,23.3
Serena,2025-03-03,36.4,,27.8,23.2
Serena,2025-03-04,33.4,,27.4,24.0
Serena,2025-03-05,36.7,,24.4,25.3
Serena,2025-03-06,34.5,,17.5,26.8
Serena,2025-03-07,24.6,,14.4,29.1
Serena,2025-03-08,21.0,,9.79,29.2
Serena,2025-03-09,29.4,,16.7,27.8
Serena,2025-03-10,40.3,,20.8,26.1
Serena,2025-03-11,32.1,,22.9,27.9
Serena,2025-03-12,37.2,,39.9,27.8
Serena,2025-03-13,45.4,,92.4,26.6
Serena,2025-03-14,51.2,,73.3,25.4
Serena,2025-03-15,48.6,,73.6,26.1
Serena,2025-03-16,38.3,,42.9,27.5
Serena,2025-03-17,52.0,,68.3,24.7
Serena,2025-03-18,48.7,,77.6,25.2
Serena,2025-03-19,42.5,,61.3,25.9
Serena,2025-03-20,39.8,,66.1,27.4
Serena,2025-03-21,29.2,,42.6,29.1
Serena,2025-03-22,22.4,,20.8,29.6
Serena,2025-03-23,30.0,,23.9,28.9
Serena,2025-03-24,46.0,,23.9,26.9
Serena,2025-03-25,41.2,,21.4,24.8
Serena,2025-03-26,43.8,,35.7,24.7
Serena,2025-03-27,46.3,,61.2,25.5
Serena,2025-03-28,43.5,,60.4,26.7
Serena,2025-03-29,37.7,,34.0,27.7
Serena,2025-03-30,30.8,,29.0,29.7
Serena,2025-03-31,25.8,,21.7,30.7
Serena,2025-04-01,29.2,,30.5,30.3
Serena,2025-04-02,30.9,,53.2,30.1
Serena,2025-04-03,32.5,,65.1,31.0
Serena,2025-04-04,21.9,,31.7,33.1
Serena,2025-04-05,18.3,,17.3,33.1
Serena,2025-04-06,21.1,,18.2,33.0
Serena,2025-04-07,23.2,,26.2,33.2
Serena,2025-04-08,28.1,,28.1,32.6
Serena,2025-04-09,39.3,,18.5,31.3
Serena,2025-04-10,39.8,,34.4,30.7
Serena,2025-04-11,35.7,,49.1,31.7
Serena,2025-04-12,24.7,,37.5,33.6
Serena,2025-04-13,20.0,,25.8,35.0
Serena,2025-04-14,23.9,,29.9,35.1
Serena,2025-04-15,28.9,,39.3,33.5
Serena,2025-04-16,37.9,,41.4,32.4
Serena,2025-04-17,36.9,,10.7,30.6
Serena,2025-04-18,37.9,,17.3,30.2
Serena,2025-04-19,37.4,,30.5,29.9
Serena,2025-04-20,37.9,,35.2,30.1
Serena,2025-04-21,37.2,,37.0,31.5
Serena,2025-04-22,32.0,,50.2,32.5
Serena,2025-04-23,22.7,,38.5,34.4
Serena,2025-04-24,32.8,,52.9,32.7
Serena,2025-04-25,38.1,,80.0,32.5
Serena,2025-04-26,29.1,,69.0,34.3
Serena,2025-04-27,22.5,,32.0,35.8
Serena,2025-04-28,17.8,,25.7,36.4
Serena,2025-04-29,19.8,,23.5,35.8
Serena,2025-04-30,25.0,,27.2,34.5
Serena,2025-05-01,25.9,,37.8,34.4
Serena,2025-05-02,29.2,,58.2,34.2
Serena,2025-05-03,28.6,,40.8,34.4
Serena,2025-05-04,23.8,,36.8,34.8
Serena,2025-05-05,23.6,,42.0,34.7
Serena,2025-05-06,29.5,,30.4,33.8
Serena,2025-05-07,34.8,,14.4,32.2
Serena,2025-05-08,38.5,,22.0,30.3
Serena,2025-05-09,41.9,,44.4,31.3
Serena,2025-05-10,46.7,,83.1,31.8
Serena,2025-05-11,39.3,,50.5,33.3
Serena,2025-05-12,30.2,,35.0,34.4
Serena,2025-05-13,26.2,,31.1,34.8
Serena,2025-05-14,28.2,,22.7,34.9
Serena,2025-05-15,25.5,,16.9,34.8
Serena,2025-05-16,27.8,,37.0,33.9
Serena,2025-05-17,43.7,,42.9,32.8
Serena,2025-05-18,38.6,,33.5,32.4
Serena,2025-05-19,42.3,,53.8,32.8
Serena,2025-05-20,43.7,,85.9,34.0
Serena,2025-05-21,40.3,,98.2,34.8
Serena,2025-05-22,36.6,,88.0,35.6
Serena,2025-05-23,26.2,,41.7,36.6
Serena,2025-05-24,22.9,,31.3,36.8
Serena,2025-05-25,28.5,,39.3,36.2
Serena,2025-05-26,32.6,,40.5,36.1
Serena,2025-05-27,34.4,,27.5,34.5
Serena,2025-05-28,37.9,,44.2,34.2
Serena,2025-05-29,39.3,,65.8,35.4
Serena,2025-05-30,35.2,,71.3,35.5
Serena,2025-05-31,38.8,,37.8,34.5
Serena,2025-06-01,41.8,,22.2,33.1
Serena,2025-06-02,32.3,,44.1,38.6
Serena,2025-06-03,47.6,,53.8,33.0
Serena,2025-06-04,45.9,,27.1,33.4
Serena,2025-06-05,41.8,,30.1,33.2
Serena,2025-06-06,43.0,,30.8,32.6
Serena,2025-06-07,48.2,,44.7,32.8
Serena,2025-06-08,46.6,,44.3,34.2
Serena,2025-06-09,35.5,,30.0,35.7
Serena,2025-06-10,26.0,,21.8,36.4
Serena,2025-06-11,27.6,,25.4,36.0
Serena,2025-06-12,29.4,,30.4,36.4
Serena,2025-06-13,31.5,,47.8,36.7
Serena,2025-06-14,32.8,,57.4,36.2
Serena,2025-06-15,28.9,,57.7,35.6
Serena,2025-06-16,34.7,,77.9,35.8
Serena,2025-06-17,36.8,,68.9,36.6
Serena,2025-06-18,37.0,,42.3,35.8
Serena,2025-06-19,45.0,,38.5,35.6
Serena,2025-06-20,43.4,,42.7,35.7
Serena,2025-06-21,43.8,,65.5,35.1
Serena,2025-06-22,43.3,,72.4,34.8
Serena,2025-06-23,39.8,,57.3,35.0
Serena,2025-06-24,34.2,,38.7,35.2
Serena,2025-06-25,36.5,,39.6,35.6
Serena,2025-06-26,45.1,,58.8,35.5
Serena,2025-06-27,39.0,,68.3,35.8
Serena,2025-06-28,41.0,,47.2,36.2
Serena,2025-06-29,43.5,,65.9,35.2
Serena,2025-06-30,43.4,,81.6,34.6
Serena,2025-07-01,37.2,,83.7,36.0
Serena,2025-07-02,39.8,,93.2,35.6
Serena,2025-07-03,45.9,,36.4,35.5
Serena,2025-07-04,44.8,,53.7,35.7
Serena,2025-07-05,45.7,,77.1,35.9
Serena,2025-07-06,41.9,,24.5,34.9
Serena,2025-07-07,39.2,,26.1,34.4
Serena,2025-07-08,33.9,,40.5,34.8
Serena,2025-07-09,27.6,,54.7,34.6
Serena,2025-07-10,25.8,,45.6,35.1
Serena,2025-07-11,36.6,,56.3,35.7
Serena,2025-07-12,36.9,,41.4,37.1
Serena,2025-07-13,30.8,,27.9,37.8
Serena,2025-07-14,26.6,,33.8,38.4
Serena,2025-07-15,26.2,,36.3,39.0
Serena,2025-07-16,29.2,,56.8,38.3
Serena,2025-07-17,29.2,,61.1,37.7
Serena,2025-07-18,26.2,,35.3,38.6
Serena,2025-07-19,33.6,,31.3,38.6
Serena,2025-07-20,40.7,,37.8,37.7
Serena,2025-07-21,31.7,,36.0,39.2
Serena,2025-07-22,33.3,,36.3,39.0
Serena,2025-07-23,41.4,,46.0,37.1
Serena,2025-07-24,45.0,,74.6,37.0
Serena,2025-07-25,36.5,,34.8,38.5
Serena,2025-07-26,32.3,,33.5,38.9
Serena,2025-07-27,28.5,,34.0,39.2
Serena,2025-07-28,28.7,,31.4,39.5
Serena,2025-07-29,30.3,,44.2,38.7
Serena,2025-07-30,34.4,,61.2,37.6
Serena,2025-07-31,30.6,,64.4,39.0
Serena,2025-08-01,32.2,,47.6,38.8
Serena,2025-08-02,34.3,,33.4,38.6
Serena,2025-08-03,32.1,,30.8,38.8
Serena,2025-08-04,34.1,,28.6,38.4
Serena,2025-08-05,29.6,,22.9,38.3
Serena,2025-08-06,27.5,,21.9,38.4
Serena,2025-08-07,29.8,,23.9,38.2
Serena,2025-08-08,33.6,,24.5,37.9
Serena,2025-08-09,32.3,,25.9,38.1
Serena,2025-08-10,28.7,,22.0,38.0
Serena,2025-08-11,27.4,,20.3,37.8
Serena,2025-08-12,29.0,,23.7,37.5
Serena,2025-08-13,34.6,,41.1,37.1
Serena,2025-08-14,34.4,,61.6,37.2
Serena,2025-08-15,33.3,,47.3,36.4
Serena,2025-08-16,35.9,,29.8,37.0
Serena,2025-08-17,32.6,,22.5,37.7
Serena,2025-08-18,31.9,,22.8,37.4
Serena,2025-08-19,36.1,,27.3,36.8
Serena,2025-08-20,37.8,,26.6,36.7
Serena,2025-08-21,35.5,,21.0,36.9
Serena,2025-08-22,37.4,,27.0,36.4
Serena,2025-08-23,37.5,,38.8,36.8
Serena,2025-08-24,42.8,,54.3,36.2
Serena,2025-08-25,32.5,,54.8,35.1
Serena,2025-08-26,25.2,,50.2,36.8
Serena,2025-08-27,35.2,,41.0,37.3
Serena,2025-08-28,31.8,,34.1,37.8
Serena,2025-08-29,29.6,,30.1,37.7
Serena,2025-08-30,35.1,,46.9,37.6
Serena,2025-08-31,31.9,,37.8,37.1
Serena,2025-09-01,39.7,,46.8,36.4
Serena,2025-09-02,45.6,,68.2,36.0
Serena,2025-09-03,39.8,,32.9,36.2
Serena,2025-09-04,37.8,,24.7,35.9
Serena,2025-09-05,32.1,,21.7,37.1
Serena,2025-09-06,31.4,,26.4,37.0
Serena,2025-09-07,40.6,,40.6,34.7
Serena,2025-09-08,48.5,,59.8,34.8
Serena,2025-09-09,45.2,,49.3,36.1
Serena,2025-09-10,35.4,,31.5,35.1
Serena,2025-09-11,38.7,,28.8,35.8
Serena,2025-09-12,41.3,,19.2,34.7
Serena,2025-09-13,40.3,,19.3,34.9
Serena,2025-09-14,40.5,,11.9,34.3
Serena,2025-09-15,40.2,,11.3,34.5
Serena,2025-09-16,45.8,,32.7,35.2
Serena,2025-09-17,45.7,,56.3,35.6
Serena,2025-09-18,44.6,,57.1,34.8
Serena,2025-09-19,44.8,,64.3,34.4
Serena,2025-09-20,41.3,,46.7,35.3
Serena,2025-09-21,35.5,,27.1,35.5
Serena,2025-09-22,39.1,,32.9,34.9
Serena,2025-09-23,46.3,,70.2,34.4
Serena,2025-09-24,44.8,,43.6,33.9
Serena,2025-09-25,40.9,,21.0,33.6
Serena,2025-09-26,40.0,,36.9,34.3
Serena,2025-09-27,39.4,,33.1,34.0
Serena,2025-09-28,42.3,,39.2,32.9
Serena,2025-09-29,44.5,,48.5,33.8
Serena,2025-09-30,46.9,,41.1,33.6
Serena,2025-10-01,50.7,,53.0,32.8
Serena,2025-10-02,46.5,,38.8,33.1
Serena,2025-10-03,44.6,,41.7,33.0
Serena,2025-10-04,43.4,,39.7,32.1
Serena,2025-10-05,47.9,,43.5,32.4
Serena,2025-10-06,48.0,,50.5,32.5
Serena,2025-10-07,46.3,,40.8,32.8
Serena,2025-10-08,44.4,,46.3,32.5
Serena,2025-10-09,40.7,,30.3,32.3
Serena,2025-10-10,39.7,,38.1,32.3
Serena,2025-10-11,42.9,,61.7,31.9
Serena,2025-10-12,40.1,,40.6,32.4
Serena,2025-10-13,38.1,,23.8,31.7
Serena,2025-10-14,37.2,,37.9,32.3
Serena,2025-10-15,46.1,,56.8,31.9
Serena,2025-10-16,46.2,,43.2,31.5
Serena,2025-10-17,38.2,,23.8,31.4
Serena,2025-10-18,39.1,,27.5,31.4
Serena,2025-10-19,41.7,,41.5,31.3
Serena,2025-10-20,46.5,,50.9,29.5
Serena,2025-10-21,40.6,,41.5,31.3
Serena,2025-10-22,37.6,,42.0,31.3
Serena,2025-10-23,39.1,,43.1,30.9
Serena,2025-10-24,40.5,,50.1,30.5
Serena,2025-10-25,40.8,,49.6,30.3
Serena,2025-10-26,41.9,,52.5,30.5
Serena,2025-10-27,43.9,,57.0,29.9
Serena,2025-10-28,45.0,,61.5,30.4
Serena,2025-10-29,45.6,,58.0,30.3
Serena,2025-10-30,45.7,,49.1,30.2
Serena,2025-10-31,43.6,,45.2,30.2
Serena,2025-11-01,41.5,,39.9,29.7
Serena,2025-11-02,41.3,,46.9,29.2
Serena,2025-11-03,42.0,,51.7,28.8
Serena,2025-11-04,37.8,,41.0,29.4
Serena,2025-11-05,26.7,,36.4,28.6
Serena,2025-11-06,36.5,,36.8,28.0
Serena,2025-11-07,32.8,,19.5,26.9
Serena,2025-11-08,28.4,,15.3,26.7
Serena,2025-11-09,38.3,,25.2,26.8
Serena,2025-11-10,40.0,,44.0,27.0
Serena,2025-11-11,43.3,,53.3,27.1
Serena,2025-11-12,50.3,,51.3,23.9
Serena,2025-11-13,41.1,,30.2,26.2
Serena,2025-11-14,48.8,,43.9,22.6
Serena,2025-11-15,38.5,,46.9,26.8
Serena,2025-11-16,37.6,,52.0,28.1
Serena,2025-11-17,43.2,,55.2,26.6
Serena,2025-11-18,44.9,,68.0,27.5
Serena,2025-11-19,46.7,,94.6,27.8
Serena,2025-11-20,52.4,,72.1,26.7
Serena,2025-11-21,49.0,,60.4,27.3
Serena,2025-11-22,44.5,,44.7,26.7
Serena,2025-11-23,43.3,,37.0,25.9
Serena,2025-11-24,40.4,,34.2,26.7
Serena,2025-11-25,40.7,,33.5,25.5
Serena,2025-11-26,37.8,,44.1,25.4
Serena,2025-11-27,36.2,,45.9,26.0
Serena,2025-11-28,38.4,,48.1,25.7
Serena,2025-11-29,38.3,,52.2,25.9
Serena,2025-11-30,38.2,,52.4,25.3
Serena,2025-12-01,39.2,,54.5,24.9
Serena,2025-12-02,43.1,,90.1,25.5
Serena,2025-12-03,46.6,,107.0,26.0
Serena,2025-12-04,43.1,,79.4,26.3
Serena,2025-12-05,42.6,,57.7,25.6
Serena,2025-12-06,44.5,,49.5,26.3
Serena,2025-12-07,40.1,,35.9,26.4
Serena,2025-12-08,34.0,,27.1,25.6
Serena,2025-12-09,34.7,,32.2,25.5
Serena,2025-12-10,41.1,,36.1,24.8
Serena,2025-12-11,43.4,,35.6,25.5
Serena,2025-12-12,39.9,,32.7,26.1
Serena,2025-12-13,37.0,,25.8,26.1
Serena,2025-12-14,44.3,,24.2,24.3
Serena,2025-12-15,43.3,,28.0,25.5
Serena,2025-12-16,43.7,,16.7,25.2
Serena,2025-12-17,44.0,,33.5,25.9
Serena,2025-12-18,49.0,,32.7,25.5
Serena,2025-12-19,53.8,,25.5,21.5
Serena,2025-12-20,43.7,,29.9,20.3
Serena,2025-12-21,42.5,,25.2,21.0
Serena,2025-12-22,41.1,,25.1,21.7
Serena,2025-12-23,42.7,,25.1,21.8
Serena,2025-12-24,44.3,,29.3,22.3
Serena,2025-12-25,46.7,,52.6,23.4
Serena,2025-12-26,46.6,,62.1,23.9
Serena,2025-12-27,45.5,,71.9,23.8
Serena,2025-12-28,44.0,,61.9,24.5
Serena,2025-12-29,45.6,,35.9,25.3
Serena,2025-12-30,36.7,,13.1,22.9
Serena,2025-12-31,41.2,,18.8,21.2
Serena,2026-01-01,48.3,,23.7,19.4
Serena,2026-01-02,55.1,,41.0,19.7
Serena,2026-01-03,58.7,,64.0,20.7
Serena,2026-01-04,57.8,,44.7,21.4
Serena,2026-01-05,49.0,,20.4,21.4
Serena,2026-01-06,44.2,,25.2,20.7
Serena,2026-01-07,46.2,,22.1,20.5
Serena,2026-01-08,45.1,,33.2,19.9
Serena,2026-01-09,49.0,,56.1,20.1
Serena,2026-01-10,47.4,,63.0,20.9
Serena,2026-01-11,48.0,,65.1,21.0
Serena,2026-01-12,50.9,,76.0,20.5
Serena,2026-01-13,50.8,,81.2,20.4
Serena,2026-01-14,45.5,,65.0,20.7
Serena,2026-01-15,40.5,,40.5,21.5
Serena,2026-01-16,42.7,,13.4,21.1
Serena,2026-01-17,45.5,,26.6,20.7
Serena,2026-01-18,51.5,,33.5,19.7
Serena,2026-01-19,51.0,,41.9,20.0
Serena,2026-01-20,48.0,,48.2,20.9
Serena,2026-01-21,49.6,,50.9,20.2
Serena,2026-01-22,31.8,,12.1,18.8
Serena,2026-01-23,36.8,,16.6,18.2
Serena,2026-01-24,40.1,,20.6,19.4
Serena,2026-01-25,46.4,,22.5,20.5
Serena,2026-01-26,50.7,,33.3,21.5
Serena,2026-01-27,47.7,,27.7,20.2
Serena,2026-01-28,46.0,,22.3,21.3
Serena,2026-01-29,46.7,,29.4,21.5
Serena,2026-01-30,46.9,,36.5,20.7
Serena,2026-01-31,51.5,,33.1,20.2
Serena,2026-02-01,52.2,,39.1,20.6
Serena,2026-02-02,42.6,,40.7,20.8
Serena,2026-02-03,42.8,,47.6,21.0
Serena,2026-02-04,47.4,,41.0,23.0
Serena,2026-02-05,49.2,,34.5,22.1
Serena,2026-02-06,53.7,,42.8,22.0
Serena,2026-02-07,51.4,,47.9,23.0
Serena,2026-02-08,45.7,,38.6,24.0
Serena,2026-02-09,43.9,,38.1,23.0
Serena,2026-02-10,54.4,,50.1,22.8
Serena,2026-02-11,49.2,,53.2,23.1
Serena,2026-02-12,47.7,,41.6,24.6
Serena,2026-02-13,47.7,,41.8,24.2
Serena,2026-02-14,39.9,,37.2,23.7
Serena,2026-02-15,33.8,,30.4,23.8
Serena,2026-02-16,47.9,,31.5,23.7
Serena,2026-02-17,45.2,,33.5,23.3
Serena,2026-02-18,34.8,,18.0,23.5
Serena,2026-02-19,36.6,,22.9,23.5
Serena,2026-02-20,37.2,,21.2,23.5
Serena,2026-02-21,45.0,,45.8,24.1
Serena,2026-02-22,49.5,,56.9,23.5
Serena,2026-02-23,50.8,,76.5,24.3
Serena,2026-02-24,47.2,,79.0,23.9
Serena,2026-02-25,42.5,,65.6,24.3
Serena,2026-02-26,49.0,,47.0,23.5
Serena,2026-02-27,48.5,,34.2,22.6
Serena,2026-02-28,46.5,,57.2,23.1
Serena,2026-03-01,34.4,,40.3,25.2
Serena,2026-03-02,28.7,,31.7,27.2
Serena,2026-03-03,29.0,,31.1,27.6
Serena,2026-03-04,42.7,,28.2,26.2
Serena,2026-03-05,50.7,,28.2,25.0
Serena,2026-03-06,45.3,,23.8,23.4
Serena,2026-03-07,47.3,,34.2,23.3
Serena,2026-03-08,45.0,,45.6,24.0
Serena,2026-03-09,42.4,,27.8,25.4
Serena,2026-03-10,48.5,,40.0,25.0
Serena,2026-03-11,44.7,,14.3,25.1
Serena,2026-03-12,50.3,,23.3,23.8
Serena,2026-03-13,38.2,,20.8,26.4
Serena,2026-03-14,35.4,,37.6,26.6
Serena,2026-03-15,32.7,,41.8,27.3
Serena,2026-03-16,29.5,,33.2,27.9
Serena,2026-03-17,31.4,,37.4,28.3
Serena,2026-03-18,45.4,,26.4,26.7
Serena,2026-03-19,45.8,,20.8,25.9
Serena,2026-03-20,40.1,,22.6,26.3
Serena,2026-03-21,51.0,,22.3,25.2
Serena,2026-03-22,47.8,,14.1,26.7
Serena,2026-03-23,62.6,,13.9,22.1
Serena,2026-03-24,64.5,,16.1,21.7
Serena,2026-03-25,61.4,,8.89,22.9
Serena,2026-03-26,59.5,,9.63,24.2
Serena,2026-03-27,70.6,,6.01,22.0
Serena,2026-03-28,50.5,,6.02,22.7
Serena,2026-03-29,42.9,,8.75,23.2
Serena,2026-03-30,47.3,,16.2,22.9
Serena,2026-03-31,60.7,,22.6,21.2
Serena,2026-04-01,53.4,,21.6,24.0
Serena,2026-04-02,47.4,,23.8,24.5
Serena,2026-04-03,51.8,,37.8,24.3
Serena,2026-04-04,50.5,,45.3,25.0
Serena,2026-04-05,46.8,,36.9,26.8
Serena,2026-04-06,40.4,,17.7,26.8
Serena,2026-04-07,37.5,,16.2,25.3
Serena,2026-04-08,46.2,,21.4,24.7
Serena,2026-04-09,49.2,,27.2,24.1
Serena,2026-04-10,43.7,,18.7,26.0
Serena,2026-04-11,53.6,,20.4,23.7
Serena,2026-04-12,57.6,,13.3,23.7
Serena,2026-04-13,51.9,,16.1,26.2
Serena,2026-04-14,48.0,,26.1,26.3
Serena,2026-04-15,48.6,,21.8,25.3
Serena,2026-04-16,49.0,,17.3,24.7
Serena,2026-04-17,44.8,,23.0,25.4
Serena,2026-04-18,42.0,,33.4,26.0
The Views,2024-07-25,40.4,57.4,47.9,35.2
The Views,2024-07-26,44.2,52.4,44.9,32.7
The Views,2024-07-27,37.0,57.3,49.8,35.6
The Views,2024-07-28,42.8,30.2,27.6,35.9
The Views,2024-07-29,44.0,38.0,32.2,35.1
The Views,2024-07-30,45.9,47.6,38.5,35.8
The Views,2024-07-31,38.3,38.9,31.4,36.3
The Views,2024-08-01,35.6,34.3,28.2,36.7
The Views,2024-08-02,49.3,72.9,66.0,35.5
The Views,2024-08-03,51.2,64.9,54.2,35.4
The Views,2024-08-04,50.8,47.0,40.0,34.4
The Views,2024-08-05,48.3,42.6,35.7,35.2
The Views,2024-08-06,40.6,27.3,23.7,34.7
The Views,2024-08-07,41.8,36.6,31.4,35.2
The Views,2024-08-08,43.1,26.2,22.5,35.4
The Views,2024-08-09,39.2,20.3,17.2,35.7
The Views,2024-08-10,39.9,17.5,14.7,36.0
The Views,2024-08-11,40.6,21.3,18.2,35.6
The Views,2024-08-12,40.7,27.7,24.5,36.2
The Views,2024-08-13,37.7,24.4,21.2,36.6
The Views,2024-08-14,40.5,25.6,22.7,36.0
The Views,2024-08-15,41.9,27.3,24.2,36.1
The Views,2024-08-16,44.7,46.5,38.6,35.6
The Views,2024-08-17,42.5,26.8,23.1,35.5
The Views,2024-08-18,41.7,26.4,23.0,35.1
The Views,2024-08-19,42.7,26.8,23.9,34.9
The Views,2024-08-20,41.2,19.8,17.1,35.2
The Views,2024-08-21,42.4,16.9,12.8,34.2
The Views,2024-08-22,41.2,18.4,15.8,34.2
The Views,2024-08-23,44.5,26.5,23.6,34.7
The Views,2024-08-24,41.7,27.2,24.2,35.2
The Views,2024-08-25,41.3,28.7,25.2,35.7
The Views,2024-08-26,46.5,54.8,46.7,35.0
The Views,2024-08-27,49.3,97.6,92.3,35.1
The Views,2024-08-28,56.3,128.0,122.0,34.1
The Views,2024-08-29,45.0,98.8,93.1,35.0
The Views,2024-08-30,53.5,87.5,79.4,34.8
The Views,2024-08-31,32.1,36.6,30.0,36.7
The Views,2024-09-01,35.4,22.9,18.9,35.5
The Views,2024-09-02,35.5,17.7,13.3,35.3
The Views,2024-09-03,38.3,19.5,15.3,35.2
The Views,2024-09-04,40.3,14.1,10.7,34.6
The Views,2024-09-05,43.4,18.8,15.8,34.6
The Views,2024-09-06,47.4,49.7,42.4,33.2
The Views,2024-09-07,46.6,65.5,55.9,34.2
The Views,2024-09-08,42.3,50.1,41.3,34.7
The Views,2024-09-09,42.2,53.4,45.7,34.6
The Views,2024-09-10,53.8,96.4,88.7,33.5
The Views,2024-09-11,51.0,79.9,75.4,33.8
The Views,2024-09-12,27.9,32.5,28.3,34.7
The Views,2024-09-13,36.6,33.8,28.1,34.4
The Views,2024-09-14,44.8,49.7,42.7,34.2
The Views,2024-09-15,45.3,67.0,57.8,34.1
The Views,2024-09-16,40.1,61.7,50.8,33.9
The Views,2024-09-17,42.0,52.5,43.3,33.5
The Views,2024-09-18,43.8,51.5,44.3,33.7
The Views,2024-09-19,46.6,64.4,56.2,33.8
The Views,2024-09-20,46.2,55.1,45.8,33.7
The Views,2024-09-21,47.0,46.8,40.1,33.8
The Views,2024-09-22,43.0,39.4,34.7,34.2
The Views,2024-09-23,37.9,46.4,40.6,34.2
The Views,2024-09-24,50.9,87.6,81.6,33.6
The Views,2024-09-25,52.2,76.9,70.6,33.5
The Views,2024-09-26,54.6,95.5,91.0,33.4
The Views,2024-09-27,53.2,85.8,80.5,33.2
The Views,2024-09-28,51.4,76.1,67.3,33.2
The Views,2024-09-29,44.9,40.8,36.1,33.6
The Views,2024-09-30,40.8,23.0,20.5,33.5
The Views,2024-10-01,41.5,20.5,18.7,33.2
The Views,2024-10-02,42.3,25.3,23.1,33.8
The Views,2024-10-03,45.9,35.7,31.8,33.6
The Views,2024-10-04,49.5,39.9,33.7,33.1
The Views,2024-10-05,41.0,16.2,13.2,33.0
The Views,2024-10-06,42.3,32.4,30.0,32.4
The Views,2024-10-07,39.3,25.7,22.2,32.9
The Views,2024-10-08,39.5,20.4,19.0,33.1
The Views,2024-10-09,40.8,31.4,28.4,32.5
The Views,2024-10-10,45.6,57.8,47.8,32.5
The Views,2024-10-11,46.1,62.4,52.3,32.4
The Views,2024-10-12,43.5,55.3,46.3,32.2
The Views,2024-10-13,42.2,54.7,45.2,32.0
The Views,2024-10-14,37.7,47.1,40.9,32.3
The Views,2024-10-15,38.3,33.2,29.5,32.3
The Views,2024-10-16,41.4,19.9,18.7,32.0
The Views,2024-10-17,44.3,4.86,4.3,31.8
The Views,2024-10-18,48.0,17.1,16.0,32.1
The Views,2024-10-19,46.7,31.5,28.7,32.5
The Views,2024-10-20,49.4,79.8,72.3,32.5
The Views,2024-10-21,52.1,82.2,76.2,32.0
The Views,2024-10-22,53.9,63.4,56.2,31.4
The Views,2024-10-23,46.6,44.6,36.6,31.7
The Views,2024-10-24,40.7,31.9,26.9,32.3
The Views,2024-10-25,43.7,44.3,37.4,32.0
The Views,2024-10-26,48.8,40.2,33.4,31.5
The Views,2024-10-27,46.8,20.2,18.8,31.2
The Views,2024-10-28,41.6,20.0,18.8,31.4
The Views,2024-10-29,40.4,31.9,29.2,30.5
The Views,2024-10-30,39.4,36.3,31.6,30.3
The Views,2024-10-31,42.8,53.3,44.7,30.0
The Views,2024-11-01,45.3,63.9,53.6,30.4
The Views,2024-11-02,47.2,63.5,54.4,30.4
The Views,2024-11-03,50.9,80.4,76.0,29.9
The Views,2024-11-04,51.2,59.8,51.9,29.8
The Views,2024-11-05,46.5,54.2,44.7,30.0
The Views,2024-11-06,48.2,59.7,48.8,30.1
The Views,2024-11-07,48.8,61.9,53.7,30.1
The Views,2024-11-08,47.9,67.0,59.9,29.4
The Views,2024-11-09,46.2,60.9,50.7,28.8
The Views,2024-11-10,44.8,62.7,53.8,29.3
The Views,2024-11-11,47.3,57.3,47.4,29.4
The Views,2024-11-12,47.3,55.6,45.3,29.4
The Views,2024-11-13,47.6,66.6,55.6,29.1
The Views,2024-11-14,51.7,71.6,63.5,28.8
The Views,2024-11-15,45.3,34.6,29.8,28.9
The Views,2024-11-16,39.0,18.7,17.0,28.5
The Views,2024-11-17,39.6,39.0,33.9,28.0
The Views,2024-11-18,37.9,57.9,47.9,28.0
The Views,2024-11-19,40.7,49.5,41.0,28.1
The Views,2024-11-20,43.3,59.5,49.5,27.8
The Views,2024-11-21,45.2,62.1,50.6,27.6
The Views,2024-11-22,51.0,74.8,64.9,27.9
The Views,2024-11-23,52.6,68.4,60.4,27.9
The Views,2024-11-24,48.0,38.8,32.4,27.8
The Views,2024-11-25,46.3,40.4,34.6,28.5
The Views,2024-11-26,43.5,34.0,30.4,29.2
The Views,2024-11-27,44.0,47.0,39.1,28.8
The Views,2024-11-28,50.0,46.2,38.3,28.0
The Views,2024-11-29,43.6,11.5,10.4,27.7
The Views,2024-11-30,39.5,13.6,12.6,26.9
The Views,2024-12-01,37.2,9.18,8.31,26.4
The Views,2024-12-02,39.0,30.9,28.5,26.0
The Views,2024-12-03,35.8,24.3,20.4,25.3
The Views,2024-12-04,34.2,18.2,16.8,26.3
The Views,2024-12-05,38.1,34.9,30.4,26.3
The Views,2024-12-06,44.7,72.5,65.5,26.7
The Views,2024-12-07,43.4,51.5,43.5,28.0
The Views,2024-12-08,35.5,30.5,25.8,27.3
The Views,2024-12-09,32.9,12.3,10.4,27.0
The Views,2024-12-10,40.4,29.6,26.9,26.7
The Views,2024-12-11,38.9,23.1,20.2,27.0
The Views,2024-12-12,36.3,13.7,11.8,26.7
The Views,2024-12-13,37.2,23.4,20.9,26.3
The Views,2024-12-14,38.2,46.3,38.5,26.2
The Views,2024-12-15,37.9,40.6,33.9,25.3
The Views,2024-12-16,35.7,23.1,18.6,25.8
The Views,2024-12-17,32.6,36.9,29.9,25.5
The Views,2024-12-18,36.2,35.2,31.0,25.5
The Views,2024-12-19,37.9,48.0,40.5,24.7
The Views,2024-12-20,37.8,50.6,42.8,24.7
The Views,2024-12-21,38.7,38.8,32.8,24.6
The Views,2024-12-22,40.5,34.6,30.9,24.1
The Views,2024-12-23,41.3,44.5,37.6,24.1
The Views,2024-12-24,42.7,58.9,47.8,25.0
The Views,2024-12-25,43.6,65.3,55.6,25.2
The Views,2024-12-26,44.6,71.6,61.2,25.1
The Views,2024-12-27,38.6,46.4,38.9,25.5
The Views,2024-12-28,38.1,41.0,34.9,25.6
The Views,2024-12-29,43.3,53.4,43.6,25.2
The Views,2024-12-30,49.7,69.0,58.7,25.7
The Views,2024-12-31,45.9,73.9,65.2,26.3
The Views,2025-01-01,41.3,45.9,38.8,25.7
The Views,2025-01-02,31.8,9.9,8.56,25.3
The Views,2025-01-03,38.0,25.1,22.0,23.3
The Views,2025-01-04,33.2,21.6,20.1,22.6
The Views,2025-01-05,37.0,33.0,29.5,23.1
The Views,2025-01-06,36.7,45.6,39.9,23.6
The Views,2025-01-07,37.3,38.7,33.7,24.3
The Views,2025-01-08,41.7,37.5,31.9,24.0
The Views,2025-01-09,45.5,59.4,51.1,24.1
The Views,2025-01-10,44.8,52.1,44.1,23.9
The Views,2025-01-11,38.0,27.1,24.7,24.1
The Views,2025-01-12,33.4,24.8,23.0,22.6
The Views,2025-01-13,43.1,46.2,38.7,25.2
The Views,2025-01-14,41.5,59.1,47.9,24.7
The Views,2025-02-11,43.6,,36.0,24.7
The Views,2025-02-12,37.1,,26.1,26.5
The Views,2025-02-13,29.4,,12.2,28.1
The Views,2025-02-14,40.9,,15.1,27.9
The Views,2025-02-15,48.1,,33.7,26.6
The Views,2025-02-16,45.9,,26.8,26.9
The Views,2025-02-17,40.5,,11.3,27.7
The Views,2025-02-18,47.5,,24.8,26.7
The Views,2025-02-19,44.4,,30.0,26.3
The Views,2025-02-20,42.5,,44.3,26.4
The Views,2025-02-21,41.8,,33.0,27.7
The Views,2025-02-22,45.0,,36.6,27.1
The Views,2025-02-23,37.8,,30.0,28.4
The Views,2025-02-24,47.2,,34.5,27.7
The Views,2025-02-25,41.2,,10.6,26.0
The Views,2025-02-26,37.9,,5.06,24.7
The Views,2025-02-27,38.1,,12.1,24.9
The Views,2025-02-28,36.6,,10.5,24.7
The Views,2025-03-01,40.8,,17.8,24.5
The Views,2025-03-02,39.1,,19.0,25.1
The Views,2025-03-03,32.8,,25.0,25.1
The Views,2025-03-04,32.2,,23.2,25.9
The Views,2025-03-05,32.8,,18.7,27.2
The Views,2025-03-06,33.0,,13.3,27.8
The Views,2025-03-07,27.2,,13.3,29.4
The Views,2025-03-08,22.7,,7.43,30.2
The Views,2025-03-09,28.5,,10.9,29.7
The Views,2025-03-10,39.1,,18.0,28.7
The Views,2025-03-11,33.2,,22.1,29.4
The Views,2025-03-12,38.3,,35.6,29.1
The Views,2025-03-13,44.8,,40.0,27.6
The Views,2025-03-14,47.2,,58.0,26.5
The Views,2025-03-15,47.3,,70.2,27.2
The Views,2025-03-16,43.3,,56.2,28.3
The Views,2025-03-17,46.8,,56.6,27.4
The Views,2025-03-18,47.1,,65.2,26.6
The Views,2025-03-19,39.7,,46.7,27.1
The Views,2025-03-20,41.8,,66.6,27.9
The Views,2025-03-21,29.7,,41.2,30.3
The Views,2025-03-22,21.8,,21.6,31.2
The Views,2025-03-23,29.5,,20.5,30.3
The Views,2025-03-24,42.6,,15.3,28.1
The Views,2025-03-25,36.4,,16.7,26.3
The Views,2025-03-26,39.6,,30.3,26.0
The Views,2025-03-27,43.0,,47.9,26.7
The Views,2025-03-28,45.1,,48.1,27.6
The Views,2025-03-29,41.8,,33.1,28.5
The Views,2025-03-30,35.9,,32.7,29.3
The Views,2025-03-31,29.8,,20.3,30.2
The Views,2025-04-01,31.9,,35.9,30.1
The Views,2025-04-02,32.2,,57.0,30.0
The Views,2025-04-03,34.3,,80.3,30.4
The Views,2025-04-04,25.1,,41.6,32.2
The Views,2025-04-05,19.8,,15.8,32.9
The Views,2025-04-06,21.9,,20.8,33.1
The Views,2025-04-07,27.0,,29.7,32.7
The Views,2025-04-08,33.2,,25.0,31.7
The Views,2025-04-09,41.4,,13.9,30.3
The Views,2025-04-10,44.3,,42.3,29.9
The Views,2025-04-11,39.4,,51.5,31.0
The Views,2025-04-12,29.2,,40.0,32.4
The Views,2025-04-13,23.7,,28.0,34.2
The Views,2025-04-14,28.0,,29.6,34.2
The Views,2025-04-15,32.1,,44.8,33.3
The Views,2025-04-16,44.5,,38.7,31.3
The Views,2025-04-17,39.5,,5.85,30.8
The Views,2025-04-18,39.2,,12.1,29.9
The Views,2025-04-19,40.2,,30.2,29.6
The Views,2025-04-20,40.4,,29.4,29.8
The Views,2025-04-21,40.4,,35.6,30.5
The Views,2025-04-22,33.4,,39.8,31.6
The Views,2025-04-23,27.0,,41.9,33.2
The Views,2025-04-24,39.4,,54.0,31.9
The Views,2025-04-25,43.7,,83.4,31.7
The Views,2025-04-26,30.6,,62.7,33.5
The Views,2025-04-27,23.5,,32.1,35.1
The Views,2025-04-28,21.8,,26.5,35.6
The Views,2025-04-29,22.4,,23.2,35.8
The Views,2025-04-30,24.4,,26.7,35.6
The Views,2025-05-01,27.1,,38.0,35.3
The Views,2025-05-02,32.9,,43.1,34.2
The Views,2025-05-03,29.8,,34.9,34.4
The Views,2025-05-04,25.6,,37.8,35.2
The Views,2025-05-05,23.8,,40.0,35.5
The Views,2025-05-06,34.2,,27.1,35.0
The Views,2025-05-07,34.6,,9.7,33.3
The Views,2025-05-08,38.0,,21.4,31.2
The Views,2025-05-09,42.8,,36.5,31.2
The Views,2025-05-10,46.3,,66.7,32.3
The Views,2025-05-11,45.3,,50.2,33.1
The Views,2025-05-12,31.1,,36.2,34.3
The Views,2025-05-13,28.0,,30.4,35.2
The Views,2025-05-14,29.2,,20.4,35.5
The Views,2025-05-15,25.2,,13.9,35.7
The Views,2025-05-16,31.9,,35.2,34.6
The Views,2025-05-17,44.4,,27.4,33.1
The Views,2025-05-18,41.3,,33.3,32.5
The Views,2025-05-19,48.7,,46.6,33.0
The Views,2025-05-20,47.3,,74.0,33.5
The Views,2025-05-21,46.7,,88.8,34.5
The Views,2025-05-22,41.9,,69.6,35.1
The Views,2025-05-23,29.4,,40.5,36.3
The Views,2025-05-24,24.4,,31.3,37.0
The Views,2025-05-25,31.3,,37.6,36.5
The Views,2025-05-26,44.1,,48.1,35.1
The Views,2025-05-27,37.9,,26.3,35.9
The Views,2025-05-28,42.3,,40.6,34.4
The Views,2025-05-29,38.5,,50.0,35.4
The Views,2025-05-30,38.4,,59.4,35.2
The Views,2025-05-31,42.9,,24.1,34.5
The Views,2025-06-01,41.0,,14.9,33.7
The Views,2025-06-02,39.2,,37.7,35.4
The Views,2025-06-03,49.4,,41.8,34.0
The Views,2025-06-04,46.6,,18.5,33.4
The Views,2025-06-05,43.8,,21.3,33.1
The Views,2025-06-06,43.9,,21.3,32.8
The Views,2025-06-07,48.3,,40.7,33.4
The Views,2025-06-08,48.7,,40.5,34.3
The Views,2025-06-09,43.9,,27.5,35.2
The Views,2025-06-10,36.8,,21.4,36.5
The Views,2025-06-11,30.7,,23.0,36.8
The Views,2025-06-12,33.1,,25.8,37.0
The Views,2025-06-13,34.2,,41.7,36.7
The Views,2025-06-14,35.0,,42.8,36.4
The Views,2025-06-15,32.4,,49.1,36.0
The Views,2025-06-16,39.3,,65.2,36.1
The Views,2025-06-17,38.4,,55.8,36.6
The Views,2025-06-18,41.3,,30.3,35.7
The Views,2025-06-19,48.0,,31.3,35.1
The Views,2025-06-20,48.2,,35.1,34.8
The Views,2025-06-21,47.8,,48.0,34.9
The Views,2025-06-22,47.8,,49.9,34.8
The Views,2025-06-23,43.7,,43.0,34.8
The Views,2025-06-24,40.8,,33.9,34.9
The Views,2025-06-25,40.5,,34.7,35.2
The Views,2025-06-26,49.3,,42.3,35.1
The Views,2025-06-27,43.0,,51.0,36.0
The Views,2025-06-28,43.6,,38.3,36.3
The Views,2025-06-29,47.0,,50.2,35.5
The Views,2025-06-30,46.7,,54.9,34.9
The Views,2025-07-01,41.6,,60.3,35.9
The Views,2025-07-02,44.6,,71.7,35.6
The Views,2025-07-03,48.6,,27.8,35.0
The Views,2025-07-04,48.0,,44.0,35.1
The Views,2025-07-05,50.1,,38.7,35.1
The Views,2025-07-06,45.3,,17.9,34.6
The Views,2025-07-07,42.2,,19.5,34.2
The Views,2025-07-08,38.7,,37.5,34.6
The Views,2025-07-09,36.1,,46.4,35.0
The Views,2025-07-10,32.7,,43.3,35.4
The Views,2025-07-11,42.2,,42.5,36.1
The Views,2025-07-12,42.3,,31.5,36.6
The Views,2025-07-13,34.0,,23.0,37.6
The Views,2025-07-14,34.0,,28.9,37.9
The Views,2025-07-15,32.6,,31.0,38.2
The Views,2025-07-16,34.7,,51.2,37.9
The Views,2025-07-17,38.0,,56.9,37.1
The Views,2025-07-18,33.7,,32.5,37.9
The Views,2025-07-19,36.8,,26.2,38.3
The Views,2025-07-20,45.9,,33.3,37.2
The Views,2025-07-21,37.7,,32.6,38.1
The Views,2025-07-22,37.6,,26.5,38.4
The Views,2025-07-23,46.5,,38.2,37.0
The Views,2025-07-24,48.6,,64.8,36.4
The Views,2025-07-25,43.0,,29.9,37.8
The Views,2025-07-26,35.7,,27.3,38.4
The Views,2025-07-27,32.8,,27.7,38.6
The Views,2025-07-28,34.9,,25.2,38.8
The Views,2025-07-29,34.6,,40.4,38.6
The Views,2025-07-30,39.1,,56.8,37.4
The Views,2025-07-31,36.7,,51.4,37.7
The Views,2025-08-01,32.6,,38.7,39.3
The Views,2025-08-02,37.1,,28.7,38.4
The Views,2025-08-03,37.1,,26.4,38.3
The Views,2025-08-04,36.9,,23.5,38.0
The Views,2025-08-05,33.8,,18.6,38.0
The Views,2025-08-06,31.5,,17.4,38.1
The Views,2025-08-07,32.8,,18.7,38.0
The Views,2025-08-08,35.7,,18.7,37.7
The Views,2025-08-09,34.6,,19.9,38.0
The Views,2025-08-10,32.9,,17.0,37.9
The Views,2025-08-11,31.0,,12.5,37.7
The Views,2025-08-12,32.9,,16.7,37.4
The Views,2025-08-13,41.0,,31.2,36.7
The Views,2025-08-14,41.4,,47.0,36.7
The Views,2025-08-15,32.6,,30.8,38.1
The Views,2025-08-16,36.8,,22.6,37.4
The Views,2025-08-17,35.7,,17.1,37.7
The Views,2025-08-18,38.4,,16.5,37.2
The Views,2025-08-19,41.2,,22.3,36.6
The Views,2025-08-20,40.6,,23.2,37.1
The Views,2025-08-21,37.0,,13.5,37.0
The Views,2025-08-22,42.3,,20.8,36.3
The Views,2025-08-23,41.2,,31.8,36.5
The Views,2025-08-24,48.0,,47.0,35.9
The Views,2025-08-25,35.4,,48.8,35.7
The Views,2025-08-26,30.5,,48.2,36.5
The Views,2025-08-27,38.3,,38.0,37.1
The Views,2025-08-28,35.5,,31.0,37.3
The Views,2025-08-29,38.0,,26.5,37.2
The Views,2025-08-30,42.2,,43.6,37.1
The Views,2025-08-31,37.4,,36.8,37.3
The Views,2025-09-01,44.3,,44.3,36.6
The Views,2025-09-02,49.5,,56.1,35.8
The Views,2025-09-03,44.5,,33.0,36.0
The Views,2025-09-04,40.2,,19.4,36.6
The Views,2025-09-05,37.4,,18.2,36.9
The Views,2025-09-06,38.1,,22.6,36.9
The Views,2025-09-07,47.0,,39.2,35.5
The Views,2025-09-08,50.1,,45.4,35.0
The Views,2025-09-09,48.5,,43.6,36.0
The Views,2025-09-10,37.4,,26.3,35.9
The Views,2025-09-11,38.9,,20.6,36.2
The Views,2025-09-12,40.6,,10.1,36.1
The Views,2025-09-13,41.1,,11.4,35.7
The Views,2025-09-14,40.8,,4.93,35.4
The Views,2025-09-15,40.9,,4.7,35.1
The Views,2025-09-16,47.8,,25.1,35.5
The Views,2025-09-17,48.8,,49.1,35.5
The Views,2025-09-18,48.1,,43.2,35.2
The Views,2025-09-19,48.2,,49.9,35.0
The Views,2025-09-20,43.8,,36.6,35.7
The Views,2025-09-21,37.9,,20.5,36.0
The Views,2025-09-22,42.7,,28.2,35.6
The Views,2025-09-23,50.0,,58.7,35.1
The Views,2025-09-24,44.4,,22.2,34.9
The Views,2025-09-25,42.5,,11.0,34.4
The Views,2025-09-26,43.8,,29.1,34.8
The Views,2025-09-27,40.8,,25.2,35.0
The Views,2025-09-28,44.2,,32.8,34.8
The Views,2025-09-29,46.9,,42.3,34.4
The Views,2025-09-30,47.9,,31.6,34.3
The Views,2025-10-01,50.7,,40.7,33.9
The Views,2025-10-02,47.5,,26.6,34.1
The Views,2025-10-03,47.2,,31.1,34.2
The Views,2025-10-04,47.3,,30.5,33.8
The Views,2025-10-05,47.3,,30.0,33.5
The Views,2025-10-06,47.4,,35.9,33.7
The Views,2025-10-07,45.2,,30.5,33.9
The Views,2025-10-08,45.6,,38.8,33.4
The Views,2025-10-09,41.3,,23.0,33.4
The Views,2025-10-10,40.6,,30.0,33.3
The Views,2025-10-11,42.9,,49.1,32.8
The Views,2025-10-12,38.2,,24.6,33.3
The Views,2025-10-13,38.1,,14.8,33.2
The Views,2025-10-14,42.0,,32.5,33.0
The Views,2025-10-15,47.8,,43.8,32.8
The Views,2025-10-16,44.4,,27.6,32.5
The Views,2025-10-17,37.2,,15.0,32.5
The Views,2025-10-18,39.6,,20.0,32.4
The Views,2025-10-19,43.3,,33.1,32.4
The Views,2025-10-20,44.8,,32.2,32.1
The Views,2025-10-21,40.1,,31.0,32.4
The Views,2025-10-22,42.8,,33.5,32.5
The Views,2025-10-23,43.9,,38.6,32.5
The Views,2025-10-24,39.4,,36.3,32.2
The Views,2025-10-25,40.8,,39.5,31.7
The Views,2025-10-26,42.0,,41.9,31.6
The Views,2025-10-27,43.5,,43.9,31.3
The Views,2025-10-28,45.7,,46.6,31.8
The Views,2025-10-29,45.5,,41.4,31.9
The Views,2025-10-30,46.0,,39.2,31.6
The Views,2025-10-31,44.3,,36.3,31.6
The Views,2025-11-01,40.9,,32.1,31.7
The Views,2025-11-02,40.1,,40.8,31.3
The Views,2025-11-03,40.3,,40.0,30.9
The Views,2025-11-04,39.8,,37.4,31.1
The Views,2025-11-05,29.3,,28.3,31.6
The Views,2025-11-06,35.9,,27.4,31.1
The Views,2025-11-07,30.7,,8.67,30.2
The Views,2025-11-08,28.3,,5.66,30.2
The Views,2025-11-09,36.2,,17.7,30.1
The Views,2025-11-10,38.0,,37.1,30.0
The Views,2025-11-11,41.5,,40.8,29.9
The Views,2025-11-12,43.6,,31.8,29.3
The Views,2025-11-13,39.1,,19.4,29.8
The Views,2025-11-14,39.5,,29.2,28.9
The Views,2025-11-15,36.1,,38.2,29.6
The Views,2025-11-16,36.8,,41.3,29.9
The Views,2025-11-17,40.9,,40.9,29.5
The Views,2025-11-18,44.3,,47.7,29.1
The Views,2025-11-19,47.8,,62.3,29.1
The Views,2025-11-20,50.4,,55.5,28.9
The Views,2025-11-21,49.8,,43.5,28.9
The Views,2025-11-22,42.9,,28.4,28.9
The Views,2025-11-23,41.7,,26.4,28.3
The Views,2025-11-24,41.9,,23.0,28.9
The Views,2025-11-25,39.4,,21.5,28.4
The Views,2025-11-26,37.1,,30.6,27.9
The Views,2025-11-27,36.4,,36.3,28.0
The Views,2025-11-28,37.9,,39.2,27.8
The Views,2025-11-29,37.3,,40.1,28.3
The Views,2025-11-30,37.9,,43.0,27.5
The Views,2025-12-01,39.4,,43.8,27.4
The Views,2025-12-02,43.3,,62.1,27.6
The Views,2025-12-03,45.9,,70.7,27.8
The Views,2025-12-04,42.0,,52.6,28.2
The Views,2025-12-05,41.8,,44.7,27.9
The Views,2025-12-06,44.7,,40.3,27.6
The Views,2025-12-07,40.2,,26.9,28.3
The Views,2025-12-08,32.2,,18.0,28.2
The Views,2025-12-09,33.9,,23.2,27.7
The Views,2025-12-10,39.6,,24.6,27.4
The Views,2025-12-11,42.2,,24.5,27.5
The Views,2025-12-12,39.0,,20.7,27.8
The Views,2025-12-13,38.5,,15.2,27.7
The Views,2025-12-14,45.6,,13.2,26.8
The Views,2025-12-15,43.4,,29.3,27.1
The Views,2025-12-16,43.5,,10.3,26.9
The Views,2025-12-17,44.4,,21.0,27.2
The Views,2025-12-18,48.9,,20.8,27.3
The Views,2025-12-19,45.7,,11.3,24.5
The Views,2025-12-20,40.8,,17.6,22.5
The Views,2025-12-21,38.9,,13.0,23.1
The Views,2025-12-22,37.6,,8.94,24.3
The Views,2025-12-23,39.1,,7.66,24.3
The Views,2025-12-24,40.9,,8.85,24.6
The Views,2025-12-25,45.1,,34.9,25.0
The Views,2025-12-26,45.5,,43.3,25.4
The Views,2025-12-27,44.6,,45.5,25.4
The Views,2025-12-28,40.6,,32.1,26.2
The Views,2025-12-29,43.2,,23.0,27.0
The Views,2025-12-30,33.2,,3.26,26.7
The Views,2025-12-31,35.4,,6.6,25.6
The Views,2026-01-01,39.0,,14.1,24.2
The Views,2026-01-02,45.3,,13.3,24.0
The Views,2026-01-03,50.1,,37.3,24.5
The Views,2026-01-04,49.1,,24.9,25.2
The Views,2026-01-05,41.5,,9.36,25.6
The Views,2026-01-06,38.2,,13.2,25.6
The Views,2026-01-07,37.9,,17.9,25.4
The Views,2026-01-08,37.5,,22.1,25.0
The Views,2026-01-09,40.9,,40.8,24.7
The Views,2026-01-10,40.2,,39.5,25.0
The Views,2026-01-11,40.3,,40.4,25.3
The Views,2026-01-12,43.5,,50.6,24.8
The Views,2026-01-13,44.1,,51.7,24.6
The Views,2026-01-14,38.6,,43.3,25.2
The Views,2026-01-15,35.6,,30.4,25.6
The Views,2026-01-16,36.7,,5.15,25.3
The Views,2026-01-17,38.2,,10.6,25.0
The Views,2026-01-18,41.7,,16.2,24.2
The Views,2026-01-19,45.2,,33.1,23.5
The Views,2026-01-20,44.7,,35.4,23.8
The Views,2026-01-21,41.9,,23.2,23.8
The Views,2026-01-22,30.7,,3.42,22.4
The Views,2026-01-23,34.3,,5.3,22.1
The Views,2026-01-24,36.6,,8.52,22.6
The Views,2026-01-25,40.6,,8.55,23.5
The Views,2026-01-26,46.2,,21.0,24.1
The Views,2026-01-27,42.1,,14.9,23.7
The Views,2026-01-28,41.3,,10.5,24.3
The Views,2026-01-29,43.5,,18.0,24.5
The Views,2026-01-30,42.9,,27.5,24.0
The Views,2026-01-31,45.6,,17.3,23.1
The Views,2026-02-01,50.5,,29.1,23.5
The Views,2026-02-02,43.7,,32.3,23.9
The Views,2026-02-03,44.4,,44.2,24.3
The Views,2026-02-04,42.9,,24.7,25.7
The Views,2026-02-05,44.4,,26.3,25.2
The Views,2026-02-06,49.6,,30.4,24.9
The Views,2026-02-07,50.9,,36.9,25.4
The Views,2026-02-08,45.3,,25.8,26.1
The Views,2026-02-09,43.1,,31.2,25.9
The Views,2026-02-10,53.2,,38.9,25.2
The Views,2026-02-11,48.4,,46.7,26.0
The Views,2026-02-12,45.5,,34.0,26.7
The Views,2026-02-13,47.4,,37.9,26.9
The Views,2026-02-14,40.8,,34.6,26.5
The Views,2026-02-15,35.2,,24.4,26.7
The Views,2026-02-16,44.9,,20.7,26.5
The Views,2026-02-17,44.5,,23.7,26.3
The Views,2026-02-18,36.9,,9.87,26.6
The Views,2026-02-19,38.1,,17.2,26.7
The Views,2026-02-20,39.4,,18.6,26.7
The Views,2026-02-21,45.8,,37.4,27.0
The Views,2026-02-22,50.7,,50.8,26.3
The Views,2026-02-23,52.4,,69.6,26.1
The Views,2026-02-24,48.6,,79.0,26.5
The Views,2026-02-25,41.9,,55.2,27.3
The Views,2026-02-26,46.0,,34.7,26.3
The Views,2026-02-27,42.8,,20.4,25.9
The Views,2026-02-28,44.3,,45.1,25.8
The Views,2026-03-01,36.8,,40.5,27.3
The Views,2026-03-02,29.2,,24.7,29.2
The Views,2026-03-03,29.9,,24.4,29.4
The Views,2026-03-04,42.9,,22.2,28.7
The Views,2026-03-05,47.2,,21.6,27.5
The Views,2026-03-06,41.4,,14.6,26.4
The Views,2026-03-07,43.5,,25.9,26.2
The Views,2026-03-08,44.2,,33.9,26.7
The Views,2026-03-09,47.0,,18.9,27.7
The Views,2026-03-10,47.7,,34.1,27.3
The Views,2026-03-11,45.3,,7.85,27.2
The Views,2026-03-12,49.4,,9.95,27.0
The Views,2026-03-13,42.7,,14.7,28.0
The Views,2026-03-14,41.3,,37.1,28.6
The Views,2026-03-15,36.9,,52.7,29.1
The Views,2026-03-16,32.4,,28.4,29.9
The Views,2026-03-17,33.5,,33.1,30.2
The Views,2026-03-18,47.1,,20.2,28.7
The Views,2026-03-19,44.3,,16.1,28.1
The Views,2026-03-20,38.9,,13.7,28.8
The Views,2026-03-21,46.1,,15.6,28.2
The Views,2026-03-22,45.2,,6.63,28.6
The Views,2026-03-23,52.5,,6.3,26.1
The Views,2026-03-24,54.2,,8.23,25.0
The Views,2026-03-25,53.5,,3.76,25.5
The Views,2026-03-26,52.8,,1.91,26.6
The Views,2026-03-27,59.8,,1.38,25.1
The Views,2026-03-28,43.3,,0.858,25.5
The Views,2026-03-29,37.9,,2.14,26.2
The Views,2026-03-30,44.1,,8.05,25.7
The Views,2026-03-31,50.2,,13.6,24.9
The Views,2026-04-01,52.1,,14.1,25.7
The Views,2026-04-02,45.5,,15.4,26.3
The Views,2026-04-03,48.3,,30.0,26.0
The Views,2026-04-04,50.2,,43.1,26.2
The Views,2026-04-05,51.3,,30.9,27.4
The Views,2026-04-06,44.2,,10.7,27.4
The Views,2026-04-07,38.3,,8.67,27.0
The Views,2026-04-08,44.3,,16.7,26.9
The Views,2026-04-09,48.6,,27.5,26.1
The Views,2026-04-10,42.5,,14.3,27.5
The Views,2026-04-11,48.6,,16.3,26.9
The Views,2026-04-12,50.1,,7.58,26.6
The Views,2026-04-13,49.6,,14.9,27.7
The Views,2026-04-14,48.0,,23.0,27.9
The Views,2026-04-15,46.9,,11.5,27.4
The Views,2026-04-16,46.4,,8.64,27.1
The Views,2026-04-17,46.6,,22.1,26.8
The Views,2026-04-18,42.5,,29.3,27.8
