location_name,date,humidity,pm10,pm25,temperature,temp_meteostat,temp_min_meteostat,temp_max_meteostat,humidity_meteostat,precipitation_meteostat,wind_speed_meteostat,pressure_meteostat,cloud_cover_meteostat
Dubai Motor City,2024-10-08,37.3,19.1,18.5,35.0,33.4,29.0,39.7,48,0.0,13.8,1011.4,0
Dubai Motor City,2024-10-09,42.6,28.5,26.9,33.5,32.8,29.9,37.6,53,0.0,15.7,1010.3,0
Dubai Motor City,2024-10-10,45.1,49.8,44.0,33.7,32.6,29.5,37.5,60,0.0,13.1,1009.0,1
Dubai Motor City,2024-10-11,50.9,51.6,43.5,31.1,32.8,30.0,37.2,54,0.0,11.8,1008.7,0
Dubai Motor City,2024-10-14,37.0,28.8,26.6,32.4,33.3,29.5,37.9,46,0.0,15.1,1008.2,0
Dubai Motor City,2024-10-15,40.1,29.5,27.4,32.8,32.6,29.0,38.0,48,0.0,17.3,1009.4,1
Dubai Motor City,2024-10-16,43.5,17.6,17.2,32.6,32.1,29.0,37.0,54,0.0,18.0,1009.8,1
Dubai Motor City,2024-10-17,45.5,8.78,8.55,33.4,31.9,29.0,35.9,58,0.0,14.8,1009.5,1
Dubai Motor City,2024-10-18,47.5,17.4,17.1,33.6,32.8,29.0,37.5,61,0.0,13.1,1008.5,1
Dubai Motor City,2024-10-19,45.1,26.7,24.9,34.4,33.3,29.8,37.9,57,0.0,14.3,1009.4,2
Dubai Motor City,2024-10-20,46.8,58.0,51.7,34.7,33.1,30.4,37.7,64,0.0,14.2,1009.8,0
Dubai Motor City,2024-10-21,49.5,72.6,67.8,33.9,32.5,29.1,38.5,65,0.0,12.8,1009.3,0
Dubai Motor City,2024-10-22,56.1,64.7,59.1,31.5,31.7,28.4,37.1,70,0.0,13.8,1010.0,0
Dubai Motor City,2024-10-23,52.0,43.7,37.6,30.9,32.3,27.7,38.3,59,0.0,14.2,1011.4,0
Dubai Motor City,2024-10-24,46.6,32.4,28.6,31.4,33.2,29.6,39.8,51,0.0,14.0,1011.8,0
Dubai Motor City,2024-10-25,47.4,43.0,37.3,31.9,32.1,29.7,36.2,54,0.0,14.4,1012.5,1
Dubai Motor City,2024-10-26,50.7,41.7,36.4,31.7,31.6,28.8,35.4,65,0.0,14.4,1013.0,0
Dubai Motor City,2024-10-27,48.4,23.0,22.0,31.5,31.4,27.9,35.0,61,0.0,14.9,1012.3,0
Dubai Motor City,2024-10-28,44.3,21.0,20.5,31.7,31.4,30.0,33.0,54,0.0,18.6,1010.1,1
Dubai Motor City,2024-10-29,43.6,33.4,31.2,30.2,30.2,25.6,33.6,52,0.0,16.9,1010.1,0
Dubai Motor City,2024-10-30,42.6,42.1,36.9,30.2,29.7,24.7,33.2,50,0.0,15.4,1010.6,1
Dubai Motor City,2024-10-31,43.3,54.2,47.0,30.4,30.2,25.6,35.6,54,0.0,11.5,1012.0,1
Dubai Motor City,2024-11-01,45.9,64.5,56.1,31.2,30.8,26.9,35.5,57,0.0,12.3,1013.4,0
Dubai Motor City,2024-11-02,46.1,63.3,55.9,31.3,30.6,27.3,34.1,57,0.0,12.2,1014.4,0
Dubai Motor City,2024-11-03,49.3,71.4,66.8,30.8,29.8,26.0,35.0,65,0.0,11.0,1013.6,0
Dubai Motor City,2024-11-04,49.0,68.4,62.6,30.8,30.0,25.3,34.6,63,0.0,8.9,1012.5,0
Dubai Motor City,2024-11-05,43.4,51.6,43.7,31.1,30.8,25.9,36.0,56,0.0,8.5,1012.6,0
Dubai Motor City,2024-11-06,44.5,54.5,46.0,31.0,30.3,26.5,36.3,62,0.0,11.3,1014.7,0
Dubai Motor City,2024-11-07,49.2,59.8,53.5,30.6,30.1,26.9,34.9,65,0.0,11.6,1015.1,0
Dubai Motor City,2024-11-08,48.8,66.1,61.0,29.9,28.9,25.4,34.2,63,0.0,11.0,1014.1,0
Dubai Motor City,2024-11-09,45.8,58.2,49.8,29.5,28.8,24.6,34.0,57,0.0,9.5,1013.8,0
Dubai Motor City,2024-11-10,44.7,62.8,56.0,30.0,29.1,25.0,33.0,61,0.0,11.1,1014.9,0
Dubai Motor City,2024-11-11,46.8,55.8,48.0,30.2,29.6,25.7,33.9,60,0.0,12.0,1015.2,0
Dubai Motor City,2024-11-12,47.5,55.0,46.0,30.0,29.4,25.5,33.1,60,0.0,12.6,1013.6,0
Dubai Motor City,2024-11-13,49.3,66.7,58.5,29.3,28.8,25.4,32.4,61,0.0,11.1,1011.7,0
Dubai Motor City,2024-11-14,54.1,72.3,66.1,28.9,28.8,24.9,33.0,68,0.0,13.5,1011.6,1
Dubai Motor City,2024-11-15,48.5,43.3,39.6,29.0,28.3,24.5,32.3,61,0.0,14.0,1013.8,1
Dubai Motor City,2024-11-16,42.6,27.2,24.5,28.3,27.3,23.3,30.6,53,0.0,14.5,1014.2,1
Dubai Motor City,2024-11-17,41.9,41.9,37.2,27.7,27.4,22.2,31.4,50,0.0,11.4,1013.3,1
Dubai Motor City,2024-11-18,37.9,59.6,52.0,28.3,27.8,24.0,33.0,47,0.0,9.2,1013.8,0
Dubai Motor City,2024-11-19,42.7,49.2,42.2,28.0,27.5,23.0,32.0,53,0.0,10.5,1015.3,0
Dubai Motor City,2024-11-20,43.6,57.3,49.1,28.2,27.7,24.0,31.0,56,0.0,9.7,1015.0,0
Dubai Motor City,2024-11-21,45.4,61.6,52.0,28.1,27.2,24.0,31.0,58,0.0,11.1,1014.4,0
Dubai Motor City,2024-11-22,52.0,75.4,68.4,28.3,27.4,23.7,32.1,67,0.0,10.4,1014.0,0
Dubai Motor City,2024-11-23,52.4,68.4,63.6,28.3,27.7,22.9,31.2,69,0.0,10.2,1013.9,2
Dubai Motor City,2024-11-24,50.8,39.7,34.6,27.6,27.0,23.0,31.4,64,0.0,11.1,1013.4,1
Dubai Motor City,2024-11-25,48.3,45.3,39.0,28.4,27.6,23.6,32.9,62,0.0,10.5,1013.9,0
Dubai Motor City,2024-11-26,46.2,34.8,31.6,29.0,27.9,24.7,32.6,59,0.0,10.8,1015.1,1
Dubai Motor City,2024-11-27,43.7,44.1,38.4,29.3,28.2,23.7,33.4,58,0.0,10.4,1013.9,0
Dubai Motor City,2024-11-28,47.9,45.0,38.8,29.0,27.5,23.6,31.2,66,0.0,18.0,1014.3,2
Dubai Motor City,2024-11-29,44.2,14.7,14.3,28.5,25.9,24.9,28.4,56,0.0,21.7,1016.2,2
Dubai Motor City,2024-11-30,41.6,19.0,18.4,27.1,25.0,21.0,27.7,51,0.0,21.0,1015.8,2
Dubai Motor City,2024-12-01,38.3,13.2,12.8,26.9,24.8,24.0,26.0,47,0.0,21.0,1013.7,2
Dubai Motor City,2024-12-02,40.9,33.0,30.6,25.9,23.7,19.0,26.5,50,0.0,12.0,1013.5,2
Dubai Motor City,2024-12-03,35.7,28.6,25.2,25.8,23.5,18.9,27.0,42,0.0,11.3,1015.8,1
Dubai Motor City,2024-12-04,35.6,21.0,20.4,26.1,23.9,19.8,27.6,41,0.0,10.7,1017.2,0
Dubai Motor City,2024-12-05,38.8,35.0,31.1,26.0,23.8,19.5,27.0,46,0.0,9.6,1017.4,0
Dubai Motor City,2024-12-06,45.9,76.4,70.8,26.6,24.7,20.0,28.4,60,0.0,8.8,1017.7,0
Dubai Motor City,2024-12-07,47.9,71.9,65.7,27.1,25.7,22.3,30.0,61,0.0,10.3,1017.4,1
Dubai Motor City,2024-12-08,38.1,32.4,28.5,26.5,25.2,20.3,30.3,44,0.0,12.7,1019.1,0
Dubai Motor City,2024-12-09,36.1,17.7,17.1,26.3,24.4,18.7,29.7,44,0.0,11.5,1018.3,0
Dubai Motor City,2024-12-10,43.2,24.6,23.6,25.9,24.2,20.0,27.3,55,0.0,10.2,1016.8,2
Dubai Motor City,2024-12-11,42.7,24.4,22.3,25.7,24.6,20.7,29.5,52,0.0,14.7,1017.9,2
Dubai Motor City,2024-12-12,39.7,18.9,18.2,25.1,24.1,20.4,29.2,47,0.0,11.2,1017.9,1
Dubai Motor City,2024-12-13,41.4,25.9,23.9,24.8,24.0,19.7,28.3,49,0.0,10.2,1016.8,1
Dubai Motor City,2024-12-14,41.5,47.2,40.3,25.4,23.8,19.6,27.5,51,0.0,11.7,1016.6,1
Dubai Motor City,2024-12-15,42.9,42.1,36.6,23.8,22.2,18.3,26.0,54,0.2,13.7,1019.5,2
Dubai Motor City,2024-12-16,43.7,24.5,23.1,23.7,22.2,18.0,25.0,51,0.0,11.9,1020.9,2
Dubai Motor City,2024-12-17,38.2,39.5,33.7,24.2,22.0,18.4,25.6,41,0.0,9.6,1019.3,1
Dubai Motor City,2024-12-18,41.9,38.5,34.0,23.2,21.0,19.0,25.0,51,0.0,13.8,1016.6,4
Dubai Motor City,2024-12-19,43.6,44.9,38.7,22.9,21.3,17.0,25.1,54,0.0,10.5,1016.0,3
Dubai Motor City,2024-12-20,40.7,48.6,41.6,23.8,21.7,16.7,26.6,52,0.0,9.1,1016.7,1
Dubai Motor City,2024-12-21,41.4,45.3,39.7,23.6,20.9,15.9,25.3,54,0.0,11.1,1015.1,1
Dubai Motor City,2024-12-22,45.5,41.2,36.5,22.9,20.3,15.6,25.0,60,0.0,15.9,1014.8,2
Dubai Motor City,2024-12-23,45.7,46.1,39.7,22.8,20.8,15.9,25.6,60,0.0,10.4,1016.1,2
Dubai Motor City,2024-12-24,45.0,58.5,49.6,24.4,22.9,18.0,27.4,57,0.0,10.2,1016.9,1
Dubai Motor City,2024-12-25,45.4,66.6,59.0,24.7,22.2,18.6,26.4,59,0.0,10.7,1018.2,1
Dubai Motor City,2024-12-26,47.3,68.0,59.9,24.3,22.5,18.0,27.0,60,0.0,9.7,1020.4,1
Dubai Motor City,2024-12-27,40.8,47.9,41.4,25.1,23.0,19.0,28.5,50,0.0,10.3,1021.2,0
Dubai Motor City,2024-12-28,39.2,39.6,35.0,25.1,22.9,17.9,28.0,50,0.0,10.4,1020.5,1
Dubai Motor City,2024-12-29,43.4,48.7,41.7,25.0,22.6,17.5,26.9,60,0.0,9.8,1019.5,2
Dubai Motor City,2024-12-30,53.7,68.8,62.3,24.8,23.3,19.9,27.5,71,0.0,9.1,1017.9,2
Dubai Motor City,2024-12-31,48.1,71.0,66.0,25.3,24.4,21.0,28.7,63,0.0,9.4,1016.9,3
Dubai Motor City,2025-01-01,44.4,44.2,39.0,24.4,22.7,20.0,27.2,60,0.0,17.1,1016.1,4
Dubai Motor City,2025-01-02,34.2,15.1,14.5,24.7,21.8,20.4,23.7,42,0.0,28.8,1018.5,2
Dubai Motor City,2025-01-03,41.7,33.2,30.7,21.7,19.4,16.7,23.4,42,0.0,13.2,1020.4,2
Dubai Motor City,2025-01-04,33.7,22.8,22.0,22.0,19.3,13.0,23.1,36,0.0,12.0,1021.4,1
Dubai Motor City,2025-01-05,39.3,39.6,35.3,22.3,19.2,14.5,23.3,47,0.0,10.9,1020.8,2
Dubai Motor City,2025-01-06,38.6,49.5,45.4,23.4,20.4,14.8,26.5,49,0.0,13.1,1019.5,0
Dubai Motor City,2025-01-07,38.3,40.9,35.6,23.7,21.1,16.0,27.5,49,0.0,10.9,1019.4,3
Dubai Motor City,2025-01-08,43.3,39.4,34.7,23.1,20.6,15.5,25.6,54,0.0,10.7,1017.4,3
Dubai Motor City,2025-01-09,49.1,66.1,60.3,23.1,20.3,16.5,24.5,68,0.0,11.8,1015.6,2
Dubai Motor City,2025-01-10,47.9,51.6,43.9,23.0,20.6,15.6,25.2,62,0.0,11.1,1017.7,1
Dubai Motor City,2025-01-11,38.0,30.0,27.4,23.5,21.9,16.0,28.2,45,0.0,10.0,1018.7,0
Dubai Motor City,2025-01-12,41.9,32.3,29.6,19.6,21.7,15.5,27.0,43,0.0,9.8,1018.3,0
Dubai Motor City,2025-01-13,48.8,48.9,41.5,23.6,21.4,17.9,24.0,62,0.4,15.7,1018.6,3
Dubai Motor City,2025-01-14,49.3,53.8,45.0,22.5,20.5,16.6,24.2,59,0.0,13.5,1019.1,2
Serena,2024-10-04,53.5,39.7,34.4,31.4,33.9,29.5,37.6,65,0.0,15.6,1005.5,0
Serena,2024-10-05,50.8,23.9,22.3,31.8,33.2,30.5,36.0,54,0.0,15.9,1005.5,0
Serena,2024-10-06,45.8,37.7,33.2,32.8,32.5,29.4,37.0,55,0.0,12.8,1007.2,0
Serena,2024-10-07,42.9,30.8,26.8,33.0,33.9,30.4,38.5,47,0.0,13.1,1010.2,2
Serena,2024-10-08,41.6,20.6,20.0,32.6,33.4,29.0,39.7,48,0.0,13.8,1011.4,0
Serena,2024-10-09,45.6,30.4,28.7,32.1,32.8,29.9,37.6,53,0.0,15.7,1010.3,0
Serena,2024-10-10,47.0,50.1,43.6,32.3,32.6,29.5,37.5,60,0.0,13.1,1009.0,1
Serena,2024-10-11,47.7,58.4,48.8,32.1,32.8,30.0,37.2,54,0.0,11.8,1008.7,0
Serena,2024-10-12,45.4,57.2,49.4,31.9,32.8,28.5,38.6,56,0.0,12.6,1008.4,0
Serena,2024-10-13,44.4,52.0,43.7,31.7,32.5,29.6,36.6,51,0.0,12.1,1008.1,0
Serena,2024-10-14,40.0,39.0,34.2,31.6,33.3,29.5,37.9,46,0.0,15.1,1008.2,0
Serena,2024-10-15,41.4,31.9,29.1,31.4,32.6,29.0,38.0,48,0.0,17.3,1009.4,1
Serena,2024-10-16,44.9,18.1,17.5,31.0,32.1,29.0,37.0,54,0.0,18.0,1009.8,1
Serena,2024-10-17,48.0,9.75,9.46,31.4,31.9,29.0,35.9,58,0.0,14.8,1009.5,1
Serena,2024-10-18,49.3,19.2,18.5,32.1,32.8,29.0,37.5,61,0.0,13.1,1008.5,1
Serena,2024-10-19,47.4,27.7,25.4,32.8,33.3,29.8,37.9,57,0.0,14.3,1009.4,2
Serena,2024-10-20,48.7,62.0,56.6,33.2,33.1,30.4,37.7,64,0.0,14.2,1009.8,0
Serena,2024-10-21,51.6,82.9,78.9,32.6,32.5,29.1,38.5,65,0.0,12.8,1009.3,0
Serena,2024-10-22,54.3,74.1,67.1,31.7,31.7,28.4,37.1,70,0.0,13.8,1010.0,0
Serena,2024-10-23,48.7,43.8,38.3,31.7,32.3,27.7,38.3,59,0.0,14.2,1011.4,0
Serena,2024-10-24,44.3,32.8,28.7,32.2,33.2,29.6,39.8,51,0.0,14.0,1011.8,0
Serena,2024-10-25,46.7,44.2,38.1,31.9,32.1,29.7,36.2,54,0.0,14.4,1012.5,1
Serena,2024-10-26,50.3,43.8,39.0,31.6,31.6,28.8,35.4,65,0.0,14.4,1013.0,0
Serena,2024-10-27,49.5,27.1,24.6,30.9,31.4,27.9,35.0,61,0.0,14.9,1012.3,0
Serena,2024-10-28,45.8,22.8,22.1,30.8,31.4,30.0,33.0,54,0.0,18.6,1010.1,1
Serena,2024-10-29,44.4,34.7,32.1,29.8,30.2,25.6,33.6,52,0.0,16.9,1010.1,0
Serena,2024-10-30,44.6,44.5,39.4,29.4,29.7,24.7,33.2,50,0.0,15.4,1010.6,1
Serena,2024-10-31,44.7,56.1,48.4,29.7,30.2,25.6,35.6,54,0.0,11.5,1012.0,1
Serena,2024-11-01,47.3,67.8,59.8,30.1,30.8,26.9,35.5,57,0.0,12.3,1013.4,0
Serena,2024-11-02,47.9,65.5,57.8,30.1,30.6,27.3,34.1,57,0.0,12.2,1014.4,0
Serena,2024-11-03,52.1,83.6,77.3,29.7,29.8,26.0,35.0,65,0.0,11.0,1013.6,0
Serena,2024-11-04,51.6,82.3,75.3,29.3,30.0,25.3,34.6,63,0.0,8.9,1012.5,0
Serena,2024-11-05,43.9,52.5,44.6,29.9,30.8,25.9,36.0,56,0.0,8.5,1012.6,0
Serena,2024-11-06,45.3,54.6,46.8,30.0,30.3,26.5,36.3,62,0.0,11.3,1014.7,0
Serena,2024-11-07,51.1,63.4,58.2,29.9,30.1,26.9,34.9,65,0.0,11.6,1015.1,0
Serena,2024-11-08,51.1,71.3,64.8,28.9,28.9,25.4,34.2,63,0.0,11.0,1014.1,0
Serena,2024-11-09,48.1,60.9,52.3,28.5,28.8,24.6,34.0,57,0.0,9.5,1013.8,0
Serena,2024-11-10,46.5,67.5,60.7,28.9,29.1,25.0,33.0,61,0.0,11.1,1014.9,0
Serena,2024-11-11,48.5,61.1,54.2,29.1,29.6,25.7,33.9,60,0.0,12.0,1015.2,0
Serena,2024-11-12,49.3,59.8,50.7,29.0,29.4,25.5,33.1,60,0.0,12.6,1013.6,0
Serena,2024-11-13,50.5,71.2,63.8,28.8,28.8,25.4,32.4,61,0.0,11.1,1011.7,0
Serena,2024-11-14,54.2,78.4,72.4,28.8,28.8,24.9,33.0,68,0.0,13.5,1011.6,1
Serena,2024-11-15,50.7,47.4,44.3,28.2,28.3,24.5,32.3,61,0.0,14.0,1013.8,1
Serena,2024-11-16,45.7,29.6,26.5,27.1,27.3,23.3,30.6,53,0.0,14.5,1014.2,1
Serena,2024-11-17,44.3,43.7,39.1,26.7,27.4,22.2,31.4,50,0.0,11.4,1013.3,1
Serena,2024-11-18,40.9,62.5,56.3,27.0,27.8,24.0,33.0,47,0.0,9.2,1013.8,0
Serena,2024-11-19,44.6,51.0,44.3,27.1,27.5,23.0,32.0,53,0.0,10.5,1015.3,0
Serena,2024-11-20,46.2,58.7,51.8,27.0,27.7,24.0,31.0,56,0.0,9.7,1015.0,0
Serena,2024-11-21,48.9,65.8,58.1,26.7,27.2,24.0,31.0,58,0.0,11.1,1014.4,0
Serena,2024-11-22,55.0,85.8,78.9,27.3,27.4,23.7,32.1,67,0.0,10.4,1014.0,0
Serena,2024-11-23,54.3,77.9,71.2,27.5,27.7,22.9,31.2,69,0.0,10.2,1013.9,2
Serena,2024-11-24,52.5,41.4,35.9,27.0,27.0,23.0,31.4,64,0.0,11.1,1013.4,1
Serena,2024-11-25,51.2,49.2,42.1,27.0,27.6,23.6,32.9,62,0.0,10.5,1013.9,0
Serena,2024-11-26,49.4,37.5,33.1,27.6,27.9,24.7,32.6,59,0.0,10.8,1015.1,1
Serena,2024-11-27,48.2,48.7,41.8,27.4,28.2,23.7,33.4,58,0.0,10.4,1013.9,0
Serena,2024-11-28,51.9,49.1,43.4,27.3,27.5,23.6,31.2,66,0.0,18.0,1014.3,2
Serena,2024-11-29,47.4,15.7,15.2,27.0,25.9,24.9,28.4,56,0.0,21.7,1016.2,2
Serena,2024-11-30,43.8,20.7,20.0,26.2,25.0,21.0,27.7,51,0.0,21.0,1015.8,2
Serena,2024-12-01,40.1,17.1,15.9,25.7,24.8,24.0,26.0,47,0.0,21.0,1013.7,2
Serena,2024-12-02,42.4,34.0,31.1,25.6,23.7,19.0,26.5,50,0.0,12.0,1013.5,2
Serena,2024-12-03,38.6,31.2,27.2,24.5,23.5,18.9,27.0,42,0.0,11.3,1015.8,1
Serena,2024-12-04,38.6,21.3,20.6,23.9,23.9,19.8,27.6,41,0.0,10.7,1017.2,0
Serena,2024-12-05,43.1,36.4,32.3,23.6,23.8,19.5,27.0,46,0.0,9.6,1017.4,0
Serena,2024-12-06,51.4,89.5,82.0,24.4,24.7,20.0,28.4,60,0.0,8.8,1017.7,0
Serena,2024-12-07,52.5,81.1,74.5,25.5,25.7,22.3,30.0,61,0.0,10.3,1017.4,1
Serena,2024-12-08,42.5,35.9,31.6,24.2,25.2,20.3,30.3,44,0.0,12.7,1019.1,0
Serena,2024-12-09,40.5,17.7,17.0,23.7,24.4,18.7,29.7,44,0.0,11.5,1018.3,0
Serena,2024-12-10,48.1,27.5,25.9,24.0,24.2,20.0,27.3,55,0.0,10.2,1016.8,2
Serena,2024-12-11,45.2,26.4,23.4,24.1,24.6,20.7,29.5,52,0.0,14.7,1017.9,2
Serena,2024-12-12,41.8,18.2,17.6,23.9,24.1,20.4,29.2,47,0.0,11.2,1017.9,1
Serena,2024-12-13,43.9,26.7,24.5,23.7,24.0,19.7,28.3,49,0.0,10.2,1016.8,1
Serena,2024-12-14,46.3,53.1,44.4,23.7,23.8,19.6,27.5,51,0.0,11.7,1016.6,1
Serena,2024-12-15,47.1,45.8,40.2,22.6,22.2,18.3,26.0,54,0.2,13.7,1019.5,2
Serena,2024-12-16,47.4,24.9,23.5,22.8,22.2,18.0,25.0,51,0.0,11.9,1020.9,2
Serena,2024-12-17,43.3,42.4,36.0,22.2,22.0,18.4,25.6,41,0.0,9.6,1019.3,1
Serena,2024-12-18,45.7,39.5,34.6,21.4,21.0,19.0,25.0,51,0.0,13.8,1016.6,4
Serena,2024-12-19,47.2,45.6,39.1,21.7,21.3,17.0,25.1,54,0.0,10.5,1016.0,3
Serena,2024-12-20,45.2,50.5,42.7,22.2,21.7,16.7,26.6,52,0.0,9.1,1016.7,1
Serena,2024-12-21,45.7,48.7,43.2,21.8,20.9,15.9,25.3,54,0.0,11.1,1015.1,1
Serena,2024-12-22,49.1,44.3,38.2,21.9,20.3,15.6,25.0,60,0.0,15.9,1014.8,2
Serena,2024-12-23,49.3,49.1,42.0,21.6,20.8,15.9,25.6,60,0.0,10.4,1016.1,2
Serena,2024-12-24,49.0,61.5,53.9,22.8,22.9,18.0,27.4,57,0.0,10.2,1016.9,1
Serena,2024-12-25,50.0,74.3,66.8,23.0,22.2,18.6,26.4,59,0.0,10.7,1018.2,1
Serena,2024-12-26,51.1,74.1,65.3,22.4,22.5,18.0,27.0,60,0.0,9.7,1020.4,1
Serena,2024-12-27,44.2,50.4,44.7,23.1,23.0,19.0,28.5,50,0.0,10.3,1021.2,0
Serena,2024-12-28,43.4,43.7,37.6,22.9,22.9,17.9,28.0,50,0.0,10.4,1020.5,1
Serena,2024-12-29,49.5,58.5,50.6,22.9,22.6,17.5,26.9,60,0.0,9.8,1019.5,2
Serena,2024-12-30,55.2,73.3,66.2,23.7,23.3,19.9,27.5,71,0.0,9.1,1017.9,2
Serena,2024-12-31,40.3,56.1,49.3,26.1,24.4,21.0,28.7,63,0.0,9.4,1016.9,3
Serena,2025-01-01,47.4,46.4,40.7,23.1,22.7,20.0,27.2,60,0.0,17.1,1016.1,4
Serena,2025-01-02,37.4,15.1,14.7,22.6,21.8,20.4,23.7,42,0.0,28.8,1018.5,2
Serena,2025-01-03,50.4,35.3,31.6,18.5,19.4,16.7,23.4,42,0.0,13.2,1020.4,2
Serena,2025-01-04,42.4,28.4,26.7,19.3,19.3,13.0,23.1,36,0.0,12.0,1021.4,1
Serena,2025-01-05,46.9,45.7,39.5,19.7,19.2,14.5,23.3,47,0.0,10.9,1020.8,2
Serena,2025-01-06,43.3,55.2,52.3,21.2,20.4,14.8,26.5,49,0.0,13.1,1019.5,0
Serena,2025-01-07,44.4,45.6,38.9,21.7,21.1,16.0,27.5,49,0.0,10.9,1019.4,3
Serena,2025-01-08,49.8,44.0,38.9,20.6,20.6,15.5,25.6,54,0.0,10.7,1017.4,3
Serena,2025-01-09,55.4,75.5,68.1,20.7,20.3,16.5,24.5,68,0.0,11.8,1015.6,2
Serena,2025-01-10,51.5,55.6,47.9,21.5,20.6,15.6,25.2,62,0.0,11.1,1017.7,1
Serena,2025-01-11,44.4,33.9,29.9,20.1,21.9,16.0,28.2,45,0.0,10.0,1018.7,0
Serena,2025-01-12,52.8,35.3,32.3,14.4,21.7,15.5,27.0,43,0.0,9.8,1018.3,0
Serena,2025-01-13,56.3,54.5,45.3,20.7,21.4,17.9,24.0,62,0.4,15.7,1018.6,3
Serena,2025-01-14,61.4,59.0,48.5,18.6,20.5,16.6,24.2,59,0.0,13.5,1019.1,2
The Views,2024-07-25,40.4,57.4,47.9,35.2,37.8,32.1,42.8,35,0.0,13.9,991.9,0
The Views,2024-07-26,44.2,52.4,44.9,32.7,37.6,31.8,42.7,44,0.0,12.9,993.7,0
The Views,2024-07-27,37.0,57.3,49.8,35.6,37.8,33.4,42.3,37,0.0,14.5,995.5,1
The Views,2024-07-28,42.8,30.2,27.6,35.9,36.4,32.7,40.4,54,0.0,17.1,994.4,2
The Views,2024-07-29,44.0,38.0,32.2,35.1,36.3,32.6,41.6,54,0.0,15.0,992.4,1
The Views,2024-07-30,45.9,47.6,38.5,35.8,39.0,33.6,45.3,50,0.0,18.1,993.7,1
The Views,2024-07-31,38.3,38.9,31.4,36.3,39.0,35.0,44.2,42,0.0,16.4,996.1,2
The Views,2024-08-01,35.6,34.3,28.2,36.7,39.3,36.0,43.8,42,0.0,15.4,995.3,2
The Views,2024-08-02,49.3,72.9,66.0,35.5,37.0,34.0,40.3,62,0.0,11.8,993.5,1
The Views,2024-08-03,51.2,64.9,54.2,35.4,37.1,34.0,43.7,63,0.0,13.5,993.7,3
The Views,2024-08-04,50.8,47.0,40.0,34.4,35.6,33.5,40.6,66,0.0,13.5,994.6,2
The Views,2024-08-05,48.3,42.6,35.7,35.2,36.8,32.9,42.0,60,0.0,18.0,995.5,2
The Views,2024-08-06,40.6,27.3,23.7,34.7,36.1,32.2,40.1,49,0.0,15.0,997.3,5
The Views,2024-08-07,41.8,36.6,31.4,35.2,36.7,33.9,40.9,50,0.0,13.9,997.3,4
The Views,2024-08-08,43.1,26.2,22.5,35.4,37.1,33.0,43.1,51,0.0,19.6,997.2,1
The Views,2024-08-09,39.2,20.3,17.2,35.7,36.4,32.7,42.2,51,0.0,23.7,999.1,0
The Views,2024-08-10,39.9,17.5,14.7,36.0,36.5,32.0,43.0,51,0.0,19.1,999.5,2
The Views,2024-08-11,40.6,21.3,18.2,35.6,37.5,32.7,42.5,49,0.0,16.0,997.7,1
The Views,2024-08-12,40.7,27.7,24.5,36.2,38.6,35.0,43.0,44,0.0,14.9,996.7,0
The Views,2024-08-13,37.7,24.4,21.2,36.6,38.3,34.0,44.2,44,0.0,15.1,998.3,0
The Views,2024-08-14,40.5,25.6,22.7,36.0,37.9,33.8,43.6,50,0.0,17.0,999.3,0
The Views,2024-08-15,41.9,27.3,24.2,36.1,37.5,33.7,43.0,51,0.0,15.8,998.8,0
The Views,2024-08-16,44.7,46.5,38.6,35.6,37.4,35.0,41.1,46,0.0,11.6,995.9,0
The Views,2024-08-17,42.5,26.8,23.1,35.5,36.1,32.7,42.1,54,0.0,23.8,996.2,1
The Views,2024-08-18,41.7,26.4,23.0,35.1,36.0,32.5,41.5,54,0.0,25.9,998.8,2
The Views,2024-08-19,42.7,26.8,23.9,34.9,36.4,33.0,42.0,52,0.0,19.8,1000.1,3
The Views,2024-08-20,41.2,19.8,17.1,35.2,36.6,32.3,41.0,53,0.0,18.7,999.4,2
The Views,2024-08-21,42.4,16.9,12.8,34.2,34.8,31.4,39.7,56,0.0,21.1,1001.6,1
The Views,2024-08-22,41.2,18.4,15.8,34.2,35.2,31.9,40.4,52,0.0,16.5,1002.1,1
The Views,2024-08-23,44.5,26.5,23.6,34.7,36.0,33.4,41.0,53,0.0,14.3,1001.8,1
The Views,2024-08-24,41.7,27.2,24.2,35.2,37.9,33.7,41.1,47,0.0,13.0,1001.4,1
The Views,2024-08-25,41.3,28.7,25.2,35.7,37.4,34.9,43.5,43,0.0,12.7,1001.0,0
The Views,2024-08-26,46.5,54.8,46.7,35.0,35.9,33.0,40.2,54,0.0,13.2,999.5,0
The Views,2024-08-27,49.3,97.6,92.3,35.1,35.9,32.8,43.0,62,0.0,12.5,998.5,0
The Views,2024-08-28,56.3,128.0,122.0,34.1,36.9,32.7,46.3,61,0.0,12.8,999.3,0
The Views,2024-08-29,45.0,98.8,93.1,35.0,36.8,33.3,42.3,52,0.0,11.5,998.9,0
The Views,2024-08-30,53.5,87.5,79.4,34.8,35.6,31.8,40.3,69,0.0,12.0,998.3,1
The Views,2024-08-31,32.1,36.6,30.0,36.7,39.0,33.0,46.0,38,,18.8,999.0,1
The Views,2024-09-01,35.4,22.9,18.9,35.5,35.9,32.0,42.1,44,0.0,17.9,1000.9,1
The Views,2024-09-02,35.5,17.7,13.3,35.3,36.7,32.0,42.0,38,0.0,14.4,1001.8,1
The Views,2024-09-03,38.3,19.5,15.3,35.2,36.8,31.5,44.8,44,0.0,15.7,1001.9,1
The Views,2024-09-04,40.3,14.1,10.7,34.6,35.6,30.9,42.0,48,0.0,14.9,1002.4,0
The Views,2024-09-05,43.4,18.8,15.8,34.6,35.3,31.7,40.4,53,0.0,15.8,1000.8,0
The Views,2024-09-06,47.4,49.7,42.4,33.2,34.7,31.0,37.8,58,0.0,11.6,1000.9,0
The Views,2024-09-07,46.6,65.5,55.9,34.2,35.3,30.4,41.4,56,0.0,12.0,1002.1,0
The Views,2024-09-08,42.3,50.1,41.3,34.7,35.7,30.6,43.9,52,0.0,14.2,1003.4,0
The Views,2024-09-09,42.2,53.4,45.7,34.6,35.5,31.3,41.1,51,0.0,12.4,1003.0,0
The Views,2024-09-10,53.8,96.4,88.7,33.5,34.1,30.0,38.9,70,0.0,11.7,1001.3,0
The Views,2024-09-11,51.0,79.9,75.4,33.8,36.6,31.0,41.9,51,0.0,12.6,1000.4,0
The Views,2024-09-12,27.9,32.5,28.3,34.7,37.9,31.4,45.2,24,0.0,12.6,1000.8,0
The Views,2024-09-13,36.6,33.8,28.1,34.4,36.4,33.0,41.7,34,0.0,12.8,1000.5,0
The Views,2024-09-14,44.8,49.7,42.7,34.2,34.7,30.8,40.9,55,0.0,14.5,1000.1,0
The Views,2024-09-15,45.3,67.0,57.8,34.1,35.2,30.7,41.0,56,0.0,16.0,1001.5,0
The Views,2024-09-16,40.1,61.7,50.8,33.9,34.4,30.1,40.0,50,0.0,11.9,1003.8,0
The Views,2024-09-17,42.0,52.5,43.3,33.5,34.1,29.9,38.5,53,0.0,12.9,1005.5,0
The Views,2024-09-18,43.8,51.5,44.3,33.7,34.2,30.2,39.1,54,0.0,14.9,1004.9,0
The Views,2024-09-19,46.6,64.4,56.2,33.8,33.7,30.9,37.7,63,0.0,13.4,1005.1,0
The Views,2024-09-20,46.2,55.1,45.8,33.7,33.8,30.7,37.0,63,0.0,13.0,1005.7,0
The Views,2024-09-21,47.0,46.8,40.1,33.8,34.4,30.9,38.0,57,0.0,13.4,1005.2,0
The Views,2024-09-22,43.0,39.4,34.7,34.2,36.0,30.5,42.6,47,0.0,11.6,1005.1,0
The Views,2024-09-23,37.9,46.4,40.6,34.2,35.6,31.0,42.0,43,0.0,11.2,1004.9,0
The Views,2024-09-24,50.9,87.6,81.6,33.6,34.3,29.8,38.9,65,0.0,12.1,1003.7,0
The Views,2024-09-25,52.2,76.9,70.6,33.5,34.2,30.6,39.8,69,0.0,12.1,1001.8,0
The Views,2024-09-26,54.6,95.5,91.0,33.4,33.6,29.6,41.4,72,0.0,11.9,1001.2,1
The Views,2024-09-27,53.2,85.8,80.5,33.2,33.4,29.5,38.8,71,0.0,11.7,1001.8,0
The Views,2024-09-28,51.4,76.1,67.3,33.2,33.5,30.3,38.9,70,0.0,11.3,1002.6,0
The Views,2024-09-29,44.9,40.8,36.1,33.6,34.2,31.0,40.3,57,0.0,16.5,1004.7,1
The Views,2024-09-30,40.8,23.0,20.5,33.5,33.6,30.4,38.3,57,0.0,17.9,1007.9,1
The Views,2024-10-01,41.5,20.5,18.7,33.2,33.6,29.8,37.4,54,0.0,13.8,1007.5,0
The Views,2024-10-02,42.3,25.3,23.1,33.8,34.3,31.0,39.5,56,0.0,14.5,1008.0,0
The Views,2024-10-03,45.9,35.7,31.8,33.6,34.2,30.4,39.0,59,0.0,15.7,1007.4,0
The Views,2024-10-04,49.5,39.9,33.7,33.1,33.9,29.5,37.6,65,0.0,15.6,1005.5,0
The Views,2024-10-05,41.0,16.2,13.2,33.0,33.2,30.5,36.0,54,0.0,15.9,1005.5,0
The Views,2024-10-06,42.3,32.4,30.0,32.4,32.5,29.4,37.0,55,0.0,12.8,1007.2,0
The Views,2024-10-07,39.3,25.7,22.2,32.9,33.9,30.4,38.5,47,0.0,13.1,1010.2,2
The Views,2024-10-08,39.5,20.4,19.0,33.1,33.4,29.0,39.7,48,0.0,13.8,1011.4,0
The Views,2024-10-09,40.8,31.4,28.4,32.5,32.8,29.9,37.6,53,0.0,15.7,1010.3,0
The Views,2024-10-10,45.6,57.8,47.8,32.5,32.6,29.5,37.5,60,0.0,13.1,1009.0,1
The Views,2024-10-11,46.1,62.4,52.3,32.4,32.8,30.0,37.2,54,0.0,11.8,1008.7,0
The Views,2024-10-12,43.5,55.3,46.3,32.2,32.8,28.5,38.6,56,0.0,12.6,1008.4,0
The Views,2024-10-13,42.2,54.7,45.2,32.0,32.5,29.6,36.6,51,0.0,12.1,1008.1,0
The Views,2024-10-14,37.7,47.1,40.9,32.3,33.3,29.5,37.9,46,0.0,15.1,1008.2,0
The Views,2024-10-15,38.3,33.2,29.5,32.3,32.6,29.0,38.0,48,0.0,17.3,1009.4,1
The Views,2024-10-16,41.4,19.9,18.7,32.0,32.1,29.0,37.0,54,0.0,18.0,1009.8,1
The Views,2024-10-17,44.3,4.86,4.3,31.8,31.9,29.0,35.9,58,0.0,14.8,1009.5,1
The Views,2024-10-18,48.0,17.1,16.0,32.1,32.8,29.0,37.5,61,0.0,13.1,1008.5,1
The Views,2024-10-19,46.7,31.5,28.7,32.5,33.3,29.8,37.9,57,0.0,14.3,1009.4,2
The Views,2024-10-20,49.4,79.8,72.3,32.5,33.1,30.4,37.7,64,0.0,14.2,1009.8,0
The Views,2024-10-21,52.1,82.2,76.2,32.0,32.5,29.1,38.5,65,0.0,12.8,1009.3,0
The Views,2024-10-22,53.9,63.4,56.2,31.4,31.7,28.4,37.1,70,0.0,13.8,1010.0,0
The Views,2024-10-23,46.6,44.6,36.6,31.7,32.3,27.7,38.3,59,0.0,14.2,1011.4,0
The Views,2024-10-24,40.7,31.9,26.9,32.3,33.2,29.6,39.8,51,0.0,14.0,1011.8,0
The Views,2024-10-25,43.7,44.3,37.4,32.0,32.1,29.7,36.2,54,0.0,14.4,1012.5,1
The Views,2024-10-26,48.8,40.2,33.4,31.5,31.6,28.8,35.4,65,0.0,14.4,1013.0,0
The Views,2024-10-27,46.8,20.2,18.8,31.2,31.4,27.9,35.0,61,0.0,14.9,1012.3,0
The Views,2024-10-28,41.6,20.0,18.8,31.4,31.4,30.0,33.0,54,0.0,18.6,1010.1,1
The Views,2024-10-29,40.4,31.9,29.2,30.5,30.2,25.6,33.6,52,0.0,16.9,1010.1,0
The Views,2024-10-30,39.4,36.3,31.6,30.3,29.7,24.7,33.2,50,0.0,15.4,1010.6,1
The Views,2024-10-31,42.8,53.3,44.7,30.0,30.2,25.6,35.6,54,0.0,11.5,1012.0,1
The Views,2024-11-01,45.3,63.9,53.6,30.4,30.8,26.9,35.5,57,0.0,12.3,1013.4,0
The Views,2024-11-02,47.2,63.5,54.4,30.4,30.6,27.3,34.1,57,0.0,12.2,1014.4,0
The Views,2024-11-03,50.9,80.4,76.0,29.9,29.8,26.0,35.0,65,0.0,11.0,1013.6,0
The Views,2024-11-04,51.2,59.8,51.9,29.8,30.0,25.3,34.6,63,0.0,8.9,1012.5,0
The Views,2024-11-05,46.5,54.2,44.7,30.0,30.8,25.9,36.0,56,0.0,8.5,1012.6,0
The Views,2024-11-06,48.2,59.7,48.8,30.1,30.3,26.5,36.3,62,0.0,11.3,1014.7,0
The Views,2024-11-07,48.8,61.9,53.7,30.1,30.1,26.9,34.9,65,0.0,11.6,1015.1,0
The Views,2024-11-08,47.9,67.0,59.9,29.4,28.9,25.4,34.2,63,0.0,11.0,1014.1,0
The Views,2024-11-09,46.2,60.9,50.7,28.8,28.8,24.6,34.0,57,0.0,9.5,1013.8,0
The Views,2024-11-10,44.8,62.7,53.8,29.3,29.1,25.0,33.0,61,0.0,11.1,1014.9,0
The Views,2024-11-11,47.3,57.3,47.4,29.4,29.6,25.7,33.9,60,0.0,12.0,1015.2,0
The Views,2024-11-12,47.3,55.6,45.3,29.4,29.4,25.5,33.1,60,0.0,12.6,1013.6,0
The Views,2024-11-13,47.6,66.6,55.6,29.1,28.8,25.4,32.4,61,0.0,11.1,1011.7,0
The Views,2024-11-14,51.7,71.6,63.5,28.8,28.8,24.9,33.0,68,0.0,13.5,1011.6,1
The Views,2024-11-15,45.3,34.6,29.8,28.9,28.3,24.5,32.3,61,0.0,14.0,1013.8,1
The Views,2024-11-16,39.0,18.7,17.0,28.5,27.3,23.3,30.6,53,0.0,14.5,1014.2,1
The Views,2024-11-17,39.6,39.0,33.9,28.0,27.4,22.2,31.4,50,0.0,11.4,1013.3,1
The Views,2024-11-18,37.9,57.9,47.9,28.0,27.8,24.0,33.0,47,0.0,9.2,1013.8,0
The Views,2024-11-19,40.7,49.5,41.0,28.1,27.5,23.0,32.0,53,0.0,10.5,1015.3,0
The Views,2024-11-20,43.3,59.5,49.5,27.8,27.7,24.0,31.0,56,0.0,9.7,1015.0,0
The Views,2024-11-21,45.2,62.1,50.6,27.6,27.2,24.0,31.0,58,0.0,11.1,1014.4,0
The Views,2024-11-22,51.0,74.8,64.9,27.9,27.4,23.7,32.1,67,0.0,10.4,1014.0,0
The Views,2024-11-23,52.6,68.4,60.4,27.9,27.7,22.9,31.2,69,0.0,10.2,1013.9,2
The Views,2024-11-24,48.0,38.8,32.4,27.8,27.0,23.0,31.4,64,0.0,11.1,1013.4,1
The Views,2024-11-25,46.3,40.4,34.6,28.5,27.6,23.6,32.9,62,0.0,10.5,1013.9,0
The Views,2024-11-26,43.5,34.0,30.4,29.2,27.9,24.7,32.6,59,0.0,10.8,1015.1,1
The Views,2024-11-27,44.0,47.0,39.1,28.8,28.2,23.7,33.4,58,0.0,10.4,1013.9,0
The Views,2024-11-28,50.0,46.2,38.3,28.0,27.5,23.6,31.2,66,0.0,18.0,1014.3,2
The Views,2024-11-29,43.6,11.5,10.4,27.7,25.9,24.9,28.4,56,0.0,21.7,1016.2,2
The Views,2024-11-30,39.5,13.6,12.6,26.9,25.0,21.0,27.7,51,0.0,21.0,1015.8,2
The Views,2024-12-01,37.2,9.18,8.31,26.4,24.8,24.0,26.0,47,0.0,21.0,1013.7,2
The Views,2024-12-02,39.0,30.9,28.5,26.0,23.7,19.0,26.5,50,0.0,12.0,1013.5,2
The Views,2024-12-03,35.8,24.3,20.4,25.3,23.5,18.9,27.0,42,0.0,11.3,1015.8,1
The Views,2024-12-04,34.2,18.2,16.8,26.3,23.9,19.8,27.6,41,0.0,10.7,1017.2,0
The Views,2024-12-05,38.1,34.9,30.4,26.3,23.8,19.5,27.0,46,0.0,9.6,1017.4,0
The Views,2024-12-06,44.7,72.5,65.5,26.7,24.7,20.0,28.4,60,0.0,8.8,1017.7,0
The Views,2024-12-07,43.4,51.5,43.5,28.0,25.7,22.3,30.0,61,0.0,10.3,1017.4,1
The Views,2024-12-08,35.5,30.5,25.8,27.3,25.2,20.3,30.3,44,0.0,12.7,1019.1,0
The Views,2024-12-09,32.9,12.3,10.4,27.0,24.4,18.7,29.7,44,0.0,11.5,1018.3,0
The Views,2024-12-10,40.4,29.6,26.9,26.7,24.2,20.0,27.3,55,0.0,10.2,1016.8,2
The Views,2024-12-11,38.9,23.1,20.2,27.0,24.6,20.7,29.5,52,0.0,14.7,1017.9,2
The Views,2024-12-12,36.3,13.7,11.8,26.7,24.1,20.4,29.2,47,0.0,11.2,1017.9,1
The Views,2024-12-13,37.2,23.4,20.9,26.3,24.0,19.7,28.3,49,0.0,10.2,1016.8,1
The Views,2024-12-14,38.2,46.3,38.5,26.2,23.8,19.6,27.5,51,0.0,11.7,1016.6,1
The Views,2024-12-15,37.9,40.6,33.9,25.3,22.2,18.3,26.0,54,0.2,13.7,1019.5,2
The Views,2024-12-16,35.7,23.1,18.6,25.8,22.2,18.0,25.0,51,0.0,11.9,1020.9,2
The Views,2024-12-17,32.6,36.9,29.9,25.5,22.0,18.4,25.6,41,0.0,9.6,1019.3,1
The Views,2024-12-18,36.2,35.2,31.0,25.5,21.0,19.0,25.0,51,0.0,13.8,1016.6,4
The Views,2024-12-19,37.9,48.0,40.5,24.7,21.3,17.0,25.1,54,0.0,10.5,1016.0,3
The Views,2024-12-20,37.8,50.6,42.8,24.7,21.7,16.7,26.6,52,0.0,9.1,1016.7,1
The Views,2024-12-21,38.7,38.8,32.8,24.6,20.9,15.9,25.3,54,0.0,11.1,1015.1,1
The Views,2024-12-22,40.5,34.6,30.9,24.1,20.3,15.6,25.0,60,0.0,15.9,1014.8,2
The Views,2024-12-23,41.3,44.5,37.6,24.1,20.8,15.9,25.6,60,0.0,10.4,1016.1,2
The Views,2024-12-24,42.7,58.9,47.8,25.0,22.9,18.0,27.4,57,0.0,10.2,1016.9,1
The Views,2024-12-25,43.6,65.3,55.6,25.2,22.2,18.6,26.4,59,0.0,10.7,1018.2,1
The Views,2024-12-26,44.6,71.6,61.2,25.1,22.5,18.0,27.0,60,0.0,9.7,1020.4,1
The Views,2024-12-27,38.6,46.4,38.9,25.5,23.0,19.0,28.5,50,0.0,10.3,1021.2,0
The Views,2024-12-28,38.1,41.0,34.9,25.6,22.9,17.9,28.0,50,0.0,10.4,1020.5,1
The Views,2024-12-29,43.3,53.4,43.6,25.2,22.6,17.5,26.9,60,0.0,9.8,1019.5,2
The Views,2024-12-30,49.7,69.0,58.7,25.7,23.3,19.9,27.5,71,0.0,9.1,1017.9,2
The Views,2024-12-31,45.9,73.9,65.2,26.3,24.4,21.0,28.7,63,0.0,9.4,1016.9,3
The Views,2025-01-01,41.3,45.9,38.8,25.7,22.7,20.0,27.2,60,0.0,17.1,1016.1,4
The Views,2025-01-02,31.8,9.9,8.56,25.3,21.8,20.4,23.7,42,0.0,28.8,1018.5,2
The Views,2025-01-03,38.0,25.1,22.0,23.3,19.4,16.7,23.4,42,0.0,13.2,1020.4,2
The Views,2025-01-04,33.2,21.6,20.1,22.6,19.3,13.0,23.1,36,0.0,12.0,1021.4,1
The Views,2025-01-05,37.0,33.0,29.5,23.1,19.2,14.5,23.3,47,0.0,10.9,1020.8,2
The Views,2025-01-06,36.7,45.6,39.9,23.6,20.4,14.8,26.5,49,0.0,13.1,1019.5,0
The Views,2025-01-07,37.3,38.7,33.7,24.3,21.1,16.0,27.5,49,0.0,10.9,1019.4,3
The Views,2025-01-08,41.7,37.5,31.9,24.0,20.6,15.5,25.6,54,0.0,10.7,1017.4,3
The Views,2025-01-09,45.5,59.4,51.1,24.1,20.3,16.5,24.5,68,0.0,11.8,1015.6,2
The Views,2025-01-10,44.8,52.1,44.1,23.9,20.6,15.6,25.2,62,0.0,11.1,1017.7,1
The Views,2025-01-11,38.0,27.1,24.7,24.1,21.9,16.0,28.2,45,0.0,10.0,1018.7,0
The Views,2025-01-12,33.4,24.8,23.0,22.6,21.7,15.5,27.0,43,0.0,9.8,1018.3,0
The Views,2025-01-13,43.1,46.2,38.7,25.2,21.4,17.9,24.0,62,0.4,15.7,1018.6,3
The Views,2025-01-14,41.5,59.1,47.9,24.7,20.5,16.6,24.2,59,0.0,13.5,1019.1,2
